0,1,2,3,4,5,6,7,8,9,10,11,12,13,14,15,16,17,18,19,20,21,22,23,24,25,26,27,28,29,30,31,32,33,34,35,36,37,38,39,40,41,42,43,44,45,46,47,48,49,50,51,52,53,54,55,56,57,58,59,60,61,62,63,64,65,66,67,68,69,70,71,72,73,74,75,76,77,78,79,80,81,82,83,84,85,86,87,88,89,90
0,0,0,0,0,0,5,18,61,124,220,344,472,608,750,888,1028,1186,1343,1512,1682,1852,2028,2212,2408,2615,2810,3014,3236,3464,3697,3922,4170,4426,4691,4960,5246,5526,5826,6116,6427,6720,7055,7376,7724,8062,8411,8774,9153,9528,9899,10289,10670,11066,11464,11875,12265,12656,13013,13378,13728,14047,14345,14626,14869,15106,15295,15448,15529,15579,15605,15621,15625,15625,,,,,,,,,,,,,,,,,
0,0,0,0,0,0,5,23,68,142,229,340,480,629,784,961,1135,1327,1495,1680,1870,2061,2267,2479,2701,2927,3149,3395,3637,3893,4148,4408,4684,4978,5260,5548,5854,6169,6486,6805,7146,7496,7859,8208,8585,8936,9319,9706,10093,10476,10864,11265,11666,12056,12443,12803,13174,13540,13880,14215,14524,14782,15004,15169,15300,15397,15487,15546,15588,15610,15621,15625,15625,,,,,,,,,,,,,,,,,,
0,0,0,0,0,0,5,24,79,161,264,392,543,690,831,990,1160,1308,1468,1635,1816,1996,2183,2380,2578,2780,2989,3204,3427,3667,3912,4157,4407,4674,4943,5217,5493,5780,6078,6383,6698,7033,7369,7709,8055,8423,8778,9147,9509,9882,10270,10652,11061,11467,11835,12218,12582,12957,13304,13642,13977,14274,14537,14760,14966,15158,15309,15414,15498,15549,15576,15596,15613,15625,15625,,,,,,,,,,,,,,,,
0,0,0,0,0,0,5,28,83,170,286,408,532,679,839,976,1120,1258,1402,1548,1708,1873,2052,2230,2422,2612,2819,3051,3278,3522,3757,3992,4245,4505,4762,5048,5331,5602,5910,6211,6509,6818,7158,7492,7822,8173,8512,8877,9236,9591,9973,10373,10753,11163,11531,11915,12307,12684,13085,13446,13796,14123,14404,14672,14900,15082,15216,15316,15391,15453,15507,15549,15584,15601,15616,15622,15625,15625,,,,,,,,,,,,,
0,0,0,0,0,0,5,27,84,181,305,444,612,801,976,1143,1308,1458,1616,1787,1952,2131,2317,2514,2712,2917,3126,3352,3580,3809,4067,4313,4560,4834,5113,5396,5690,5978,6277,6585,6901,7214,7546,7887,8237,8602,8955,9324,9702,10086,10476,10861,11259,11670,12083,12481,12887,13276,13655,13983,14294,14559,14793,14998,15184,15354,15469,15541,15588,15610,15624,15625,15625,,,,,,,,,,,,,,,,,,
0,0,0,0,0,0,5,24,67,147,248,357,487,637,798,965,1133,1324,1494,1691,1881,2077,2274,2476,2685,2900,3119,3357,3588,3844,4117,4376,4624,4906,5191,5473,5767,6067,6368,6675,6990,7339,7668,8016,8364,8716,9106,9483,9861,10234,10605,10973,11359,11734,12126,12533,12921,13304,13643,13995,14321,14626,14872,15078,15251,15395,15484,15547,15589,15610,15621,15625,15625,,,,,,,,,,,,,,,,,,
0,0,0,0,0,0,5,24,79,165,274,402,543,692,829,979,1130,1285,1453,1628,1802,1981,2158,2344,2551,2763,2990,3216,3447,3681,3919,4164,4415,4700,4981,5272,5556,5853,6139,6448,6772,7079,7406,7747,8106,8463,8817,9184,9557,9927,10285,10671,11045,11409,11787,12166,12540,12903,13258,13623,13956,14253,14540,14793,15002,15195,15331,15432,15494,15541,15578,15602,15618,15621,15625,15625,,,,,,,,,,,,,,,
0,0,0,0,0,0,5,22,62,131,226,344,461,581,713,846,981,1125,1271,1419,1578,1744,1909,2085,2265,2461,2647,2851,3070,3286,3519,3749,3991,4238,4488,4756,5006,5280,5573,5859,6146,6461,6768,7097,7437,7764,8108,8450,8807,9174,9540,9911,10293,10693,11076,11465,11879,12271,12669,13051,13387,13693,13973,14254,14487,14695,14896,15054,15176,15285,15389,15477,15529,15561,15585,15603,15615,15621,15625,15625,,,,,,,,,,,
0,0,0,0,0,0,5,24,70,158,268,405,548,683,839,997,1142,1305,1463,1639,1812,1992,2182,2375,2582,2799,2999,3207,3436,3675,3917,4163,4432,4719,5002,5289,5576,5857,6159,6460,6770,7090,7435,7759,8092,8434,8807,9169,9525,9907,10291,10691,11093,11491,11906,12323,12735,13142,13532,13869,14175,14457,14704,14902,15078,15241,15375,15489,15551,15581,15601,15614,15621,15625,15625,,,,,,,,,,,,,,,,
0,0,0,0,0,0,5,23,79,163,268,389,536,695,870,1028,1192,1355,1507,1669,1854,2026,2216,2405,2622,2829,3025,3233,3466,3680,3934,4183,4424,4694,4961,5244,5520,5810,6112,6413,6718,7052,7374,7712,8054,8398,8751,9115,9494,9882,10261,10647,11037,11413,11787,12153,12498,12851,13173,13468,13771,14052,14293,14500,14682,14854,15009,15152,15275,15367,15429,15469,15512,15544,15571,15592,15609,15619,15625,15625,,,,,,,,,,,
0,0,0,0,0,0,5,29,83,169,253,351,464,594,730,877,1041,1214,1374,1534,1706,1882,2057,2233,2432,2621,2826,3044,3279,3517,3762,4000,4259,4520,4792,5077,5348,5622,5909,6205,6520,6841,7174,7506,7838,8185,8536,8890,9259,9627,10003,10395,10797,11182,11598,12011,12433,12832,13229,13616,13948,14242,14515,14751,14963,15155,15326,15466,15541,15569,15592,15609,15619,15625,15625,,,,,,,,,,,,,,,,
0,0,0,0,0,0,5,22,66,140,249,373,509,649,801,933,1077,1232,1381,1543,1712,1883,2059,2253,2447,2658,2865,3084,3307,3536,3767,4014,4270,4516,4792,5067,5349,5645,5929,6227,6531,6850,7170,7507,7849,8191,8541,8883,9254,9623,10017,10414,10818,11215,11629,12033,12441,12831,13233,13604,13956,14286,14582,14855,15079,15256,15378,15475,15525,15556,15579,15600,15611,15618,15623,15625,15625,,,,,,,,,,,,,,
0,0,0,0,0,0,5,25,67,136,230,345,462,600,729,855,986,1127,1276,1437,1595,1759,1935,2108,2301,2513,2731,2948,3161,3390,3624,3863,4110,4359,4623,4903,5172,5458,5751,6042,6336,6642,6958,7285,7621,7969,8324,8670,9042,9420,9798,10166,10564,10969,11359,11757,12158,12551,12946,13312,13671,14007,14308,14607,14870,15119,15304,15414,15486,15543,15582,15599,15616,15621,15625,15625,,,,,,,,,,,,,,,
0,0,0,0,0,0,5,19,70,143,246,381,528,703,864,1022,1176,1310,1466,1635,1812,1986,2174,2364,2543,2747,2958,3180,3412,3647,3897,4146,4401,4646,4915,5189,5460,5756,6049,6358,6650,6954,7270,7613,7948,8288,8646,9008,9409,9801,10176,10566,10966,11342,11739,12132,12535,12927,13298,13686,14044,14354,14609,14834,15032,15160,15260,15345,15412,15466,15505,15535,15565,15584,15600,15614,15622,15624,15625,15625,,,,,,,,,,,
0,0,0,0,0,0,5,22,71,146,240,359,481,619,751,884,1034,1186,1326,1487,1658,1829,2009,2193,2387,2584,2790,2997,3219,3458,3690,3927,4170,4415,4682,4946,5223,5502,5773,6053,6364,6680,6991,7322,7650,7983,8340,8678,9047,9399,9771,10143,10536,10930,11351,11741,12157,12539,12925,13291,13647,13976,14278,14549,14798,15016,15179,15327,15450,15519,15561,15593,15609,15619,15624,15625,15625,,,,,,,,,,,,,,
0,0,0,0,0,0,5,21,70,152,246,338,444,567,695,835,1003,1166,1357,1551,1732,1909,2098,2300,2504,2722,2929,3146,3381,3610,3855,4107,4362,4621,4901,5184,5463,5756,6075,6382,6697,7037,7374,7702,8048,8411,8776,9144,9524,9902,10302,10679,11080,11475,11874,12275,12652,13059,13425,13765,14082,14353,14591,14783,14943,15082,15204,15301,15371,15433,15486,15529,15559,15582,15600,15615,15622,15625,15625,,,,,,,,,,,,
0,0,0,0,0,0,5,25,75,166,286,424,578,749,908,1059,1216,1376,1537,1705,1879,2060,2239,2445,2644,2852,3068,3296,3529,3768,4009,4272,4530,4796,5077,5357,5654,5953,6270,6586,6913,7245,7583,7916,8265,8617,8999,9382,9762,10134,10536,10910,11300,11680,12072,12452,12832,13219,13580,13926,14238,14503,14746,14950,15116,15246,15350,15426,15482,15528,15567,15587,15604,15613,15618,15621,15624,15625,15625,,,,,,,,,,,,
0,0,0,0,0,0,5,25,75,158,275,421,563,722,888,1055,1229,1382,1540,1704,1866,2036,2220,2414,2608,2819,3027,3246,3478,3708,3944,4194,4434,4686,4951,5239,5514,5804,6105,6418,6732,7051,7378,7719,8054,8393,8749,9119,9485,9869,10260,10651,11040,11448,11865,12276,12682,13063,13468,13842,14192,14493,14710,14891,15048,15186,15310,15414,15494,15551,15588,15604,15619,15625,15625,,,,,,,,,,,,,,,,
0,0,0,0,0,0,5,28,81,180,302,460,607,745,891,1033,1193,1367,1530,1700,1876,2053,2235,2420,2612,2821,3026,3241,3458,3690,3920,4158,4412,4691,4941,5222,5489,5787,6077,6386,6700,7027,7363,7705,8052,8393,8768,9123,9502,9874,10267,10661,11066,11454,11849,12229,12637,13010,13407,13767,14119,14450,14724,14924,15096,15234,15340,15424,15483,15529,15560,15587,15603,15615,15620,15625,15625,,,,,,,,,,,,,,
0,0,0,0,0,0,5,32,87,170,291,437,581,734,880,1029,1175,1324,1477,1636,1798,1970,2152,2356,2542,2749,2950,3180,3402,3632,3883,4129,4372,4651,4921,5185,5473,5760,6055,6370,6686,6998,7320,7659,8005,8348,8704,9072,9446,9809,10195,10591,10980,11366,11760,12147,12515,12885,13245,13585,13859,14115,14372,14606,14827,15037,15177,15285,15376,15450,15513,15551,15581,15603,15616,15625,15625,,,,,,,,,,,,,,
0,0,0,0,0,0,5,22,67,144,248,364,500,662,829,1020,1209,1393,1580,1768,1955,2135,2317,2509,2705,2926,3140,3368,3595,3838,4093,4340,4599,4861,5146,5431,5724,6028,6340,6646,6971,7294,7628,7994,8337,8687,9056,9433,9799,10186,10579,10969,11346,11743,12140,12524,12908,13301,13654,13991,14330,14660,14910,15107,15262,15375,15455,15520,15557,15582,15600,15611,15620,15623,15625,15625,,,,,,,,,,,,,,,
0,0,0,0,0,0,5,30,88,161,248,353,471,595,702,817,946,1073,1215,1358,1506,1666,1832,2012,2190,2356,2550,2753,2948,3176,3392,3611,3852,4100,4357,4610,4878,5140,5416,5694,5993,6295,6591,6900,7229,7556,7883,8227,8581,8947,9312,9690,10092,10493,10889,11288,11690,12108,12514,12914,13313,13702,14053,14378,14671,14941,15156,15309,15416,15492,15536,15565,15588,15609,15619,15625,15625,,,,,,,,,,,,,,
0,0,0,0,0,0,5,29,77,154,249,367,525,704,902,1118,1338,1574,1774,1978,2184,2389,2599,2808,3037,3268,3498,3743,3984,4224,4477,4750,5025,5296,5594,5884,6177,6493,6807,7137,7470,7812,8150,8510,8854,9241,9607,9972,10368,10775,11179,11590,11989,12368,12725,13084,13451,13770,14089,14398,14704,14966,15174,15327,15442,15508,15547,15583,15607,15619,15624,15625,15625,,,,,,,,,,,,,,,,,,
0,0,0,0,0,0,5,28,81,149,229,304,387,464,551,648,757,865,975,1103,1243,1384,1529,1686,1850,2020,2191,2381,2563,2761,2951,3165,3389,3607,3853,4089,4341,4598,4860,5132,5411,5684,5986,6263,6565,6871,7198,7517,7854,8193,8563,8918,9282,9655,10030,10408,10805,11198,11604,12001,12421,12773,13118,13461,13777,14079,14348,14590,14805,14999,15200,15346,15429,15500,15551,15581,15601,15616,15622,15625,15625,,,,,,,,,,
0,0,0,0,0,0,5,25,69,136,222,330,457,569,689,809,944,1082,1227,1380,1540,1692,1864,2035,2220,2411,2608,2815,3024,3247,3473,3702,3949,4190,4455,4718,4990,5270,5568,5854,6142,6449,6767,7106,7446,7794,8133,8481,8847,9215,9577,9956,10331,10720,11104,11490,11869,12247,12617,12997,13400,13805,14175,14507,14778,14983,15146,15277,15382,15456,15503,15538,15566,15589,15604,15613,15618,15623,15625,15625,,,,,,,,,,,
0,0,0,0,0,0,5,24,71,130,206,309,419,520,617,723,841,963,1091,1224,1367,1510,1665,1837,2008,2185,2375,2568,2758,2981,3206,3422,3643,3879,4133,4389,4652,4911,5197,5470,5754,6051,6343,6645,6963,7285,7606,7953,8288,8642,8998,9367,9741,10131,10516,10904,11309,11681,12050,12395,12716,13009,13296,13554,13797,14046,14287,14514,14719,14917,15089,15228,15333,15413,15469,15519,15557,15579,15599,15611,15617,15622,15624,15625,15625,,,,,,
0,0,0,0,0,0,5,32,91,186,314,447,593,726,876,1033,1183,1344,1487,1662,1839,2022,2207,2407,2607,2807,3026,3256,3478,3713,3949,4198,4455,4713,4972,5245,5533,5824,6117,6424,6731,7056,7390,7724,8073,8423,8779,9145,9513,9895,10298,10689,11071,11448,11852,12249,12630,13032,13413,13779,14135,14481,14770,15011,15216,15358,15438,15501,15550,15582,15599,15612,15618,15625,15625,,,,,,,,,,,,,,,,
0,0,0,0,0,0,5,27,83,158,256,383,527,699,886,1088,1297,1502,1700,1890,2066,2261,2468,2679,2892,3102,3325,3551,3784,4027,4289,4535,4799,5070,5344,5642,5931,6230,6538,6852,7169,7497,7841,8184,8549,8906,9274,9636,10018,10428,10816,11221,11619,12019,12400,12769,13128,13472,13781,14073,14346,14595,14820,15000,15140,15256,15353,15440,15494,15528,15555,15574,15593,15611,15620,15625,15625,,,,,,,,,,,,,,
0,0,0,0,0,0,5,24,70,141,232,338,468,609,739,896,1048,1213,1380,1549,1713,1887,2074,2272,2474,2667,2880,3114,3328,3557,3795,4040,4300,4547,4825,5102,5399,5677,5980,6286,6584,6906,7224,7560,7894,8258,8610,8958,9341,9713,10097,10479,10875,11274,11672,12062,12452,12823,13179,13504,13803,14087,14335,14551,14744,14918,15075,15208,15328,15442,15515,15554,15578,15591,15603,15613,15621,15624,15625,15625,,,,,,,,,,,
0,0,0,0,0,0,5,23,59,119,210,331,476,646,845,1013,1182,1353,1521,1684,1860,2054,2247,2435,2633,2827,3044,3265,3508,3743,3976,4218,4472,4733,4994,5289,5577,5876,6162,6466,6770,7110,7432,7768,8109,8457,8798,9165,9545,9907,10297,10706,11110,11507,11888,12281,12668,13015,13348,13670,13946,14192,14386,14567,14710,14838,14958,15070,15160,15233,15303,15354,15406,15452,15497,15529,15554,15576,15594,15610,15618,15625,15625,,,,,,,,
0,0,0,0,0,0,5,25,78,149,236,346,463,575,707,834,972,1107,1253,1406,1562,1738,1898,2080,2250,2437,2648,2856,3073,3292,3525,3762,4005,4251,4499,4749,5020,5312,5578,5844,6159,6469,6788,7106,7442,7775,8122,8454,8812,9167,9548,9925,10322,10715,11087,11452,11826,12187,12552,12881,13215,13551,13859,14143,14402,14653,14890,15089,15229,15329,15398,15462,15503,15535,15568,15591,15606,15618,15623,15625,15625,,,,,,,,,,
0,0,0,0,0,0,5,27,72,149,254,396,533,667,789,913,1046,1189,1335,1479,1638,1800,1967,2158,2345,2538,2734,2935,3146,3363,3602,3834,4081,4332,4603,4869,5148,5423,5715,6004,6304,6618,6920,7248,7588,7915,8256,8607,8974,9339,9706,10081,10480,10867,11266,11670,12079,12488,12893,13290,13661,13975,14274,14522,14727,14892,15039,15166,15279,15387,15470,15553,15595,15621,15625,15625,,,,,,,,,,,,,,,
0,0,0,0,0,0,5,25,74,160,273,421,595,770,951,1120,1294,1473,1661,1842,2040,2242,2448,2658,2871,3093,3315,3556,3809,4055,4304,4561,4825,5102,5378,5677,5960,6264,6595,6937,7251,7592,7930,8283,8643,9013,9382,9760,10149,10570,10972,11366,11755,12144,12506,12876,13246,13593,13932,14240,14547,14826,15063,15230,15343,15433,15503,15545,15576,15596,15611,15620,15625,15625,,,,,,,,,,,,,,,,,
0,0,0,0,0,0,5,22,61,122,212,298,409,530,661,812,957,1107,1249,1396,1565,1724,1887,2074,2259,2449,2651,2866,3081,3306,3529,3770,4013,4257,4518,4764,5035,5318,5604,5894,6197,6497,6825,7136,7459,7791,8124,8466,8818,9186,9565,9916,10283,10650,11011,11383,11751,12120,12497,12873,13250,13598,13919,14214,14473,14705,14909,15077,15213,15320,15403,15467,15525,15566,15594,15612,15622,15625,15625,,,,,,,,,,,,
0,0,0,0,0,0,5,27,78,170,276,401,547,695,843,987,1128,1275,1413,1558,1716,1884,2050,2230,2421,2612,2806,3014,3249,3463,3689,3924,4167,4418,4675,4933,5193,5479,5759,6054,6368,6676,6990,7321,7654,7985,8337,8688,9049,9421,9787,10163,10553,10949,11357,11762,12171,12578,12973,13331,13665,13958,14206,14430,14624,14802,14948,15088,15214,15312,15400,15476,15555,15598,15619,15625,15625,,,,,,,,,,,,,,
0,0,0,0,0,0,5,34,73,138,224,323,442,583,742,917,1114,1311,1514,1704,1907,2109,2293,2492,2703,2915,3135,3357,3598,3843,4084,4341,4612,4878,5163,5443,5728,6032,6351,6657,6961,7293,7615,7961,8310,8694,9051,9414,9814,10182,10576,10968,11371,11757,12164,12541,12940,13328,13709,14075,14385,14653,14857,15029,15177,15292,15374,15435,15484,15523,15556,15581,15603,15614,15621,15624,15625,15625,,,,,,,,,,,,,
0,0,0,0,0,0,5,25,75,151,270,397,537,693,861,1012,1196,1360,1534,1706,1883,2081,2280,2491,2706,2929,3152,3382,3614,3845,4102,4373,4645,4910,5185,5465,5762,6052,6373,6713,7028,7352,7678,8022,8376,8735,9109,9474,9853,10251,10646,11058,11448,11840,12270,12681,13091,13506,13886,14253,14599,14875,15080,15255,15370,15463,15534,15583,15611,15621,15625,15625,,,,,,,,,,,,,,,,,,,
0,0,0,0,0,0,5,26,75,145,232,351,480,623,773,933,1085,1238,1399,1555,1715,1886,2061,2258,2448,2652,2862,3065,3291,3518,3760,3996,4246,4490,4754,5025,5314,5600,5889,6189,6499,6828,7150,7492,7836,8174,8533,8891,9259,9640,10003,10392,10777,11174,11578,11981,12374,12763,13120,13463,13794,14101,14340,14534,14702,14833,14955,15060,15152,15236,15318,15397,15469,15515,15551,15576,15594,15609,15621,15625,15625,,,,,,,,,,
0,0,0,0,0,0,5,28,79,172,293,446,628,825,1052,1289,1521,1736,1936,2150,2360,2555,2764,2973,3202,3434,3670,3914,4169,4428,4680,4953,5226,5508,5793,6077,6377,6694,7012,7349,7688,8027,8356,8696,9057,9423,9795,10174,10547,10940,11360,11788,12184,12595,12999,13371,13712,14025,14322,14585,14820,15039,15219,15369,15477,15528,15570,15600,15615,15622,15625,15625,,,,,,,,,,,,,,,,,,,
0,0,0,0,0,0,5,27,83,160,260,373,519,682,864,1052,1241,1429,1615,1814,2011,2214,2422,2629,2843,3059,3297,3538,3765,4007,4273,4533,4804,5091,5388,5673,5977,6273,6581,6901,7231,7575,7902,8250,8612,8968,9353,9724,10120,10520,10931,11352,11769,12179,12564,12910,13246,13574,13882,14169,14437,14695,14922,15125,15276,15410,15490,15548,15582,15608,15618,15623,15625,15625,,,,,,,,,,,,,,,,,
0,0,0,0,0,0,5,24,63,132,225,355,491,622,773,941,1100,1259,1432,1611,1777,1949,2145,2343,2533,2752,2963,3181,3402,3640,3888,4137,4390,4638,4902,5168,5449,5751,6057,6359,6667,6985,7310,7643,7989,8345,8687,9054,9431,9796,10189,10580,10972,11375,11769,12172,12561,12952,13359,13758,14119,14464,14743,14953,15119,15263,15384,15460,15521,15561,15589,15610,15621,15625,15625,,,,,,,,,,,,,,,,
0,0,0,0,0,0,5,26,81,160,274,404,555,710,864,1041,1213,1388,1558,1733,1909,2086,2293,2501,2704,2915,3130,3358,3583,3834,4093,4342,4603,4879,5141,5423,5712,6013,6319,6621,6951,7286,7621,7956,8307,8650,9003,9385,9755,10143,10537,10941,11349,11750,12157,12550,12937,13333,13707,14067,14413,14712,14936,15105,15246,15352,15435,15484,15523,15556,15579,15598,15609,15617,15623,15625,15625,,,,,,,,,,,,,,
0,0,0,0,0,0,5,23,70,138,236,352,487,640,818,1020,1214,1421,1618,1819,2025,2222,2431,2626,2845,3069,3300,3551,3804,4059,4311,4574,4848,5125,5408,5697,5997,6307,6630,6962,7298,7629,7987,8327,8681,9043,9416,9800,10186,10580,10983,11401,11794,12216,12626,12987,13346,13672,13995,14288,14560,14808,15049,15231,15369,15454,15538,15581,15605,15622,15624,15625,15625,,,,,,,,,,,,,,,,,,
0,0,0,0,0,0,5,24,73,146,235,346,478,625,801,970,1137,1299,1455,1625,1797,1994,2172,2369,2588,2807,3024,3235,3471,3720,3956,4208,4453,4725,5007,5301,5570,5879,6163,6475,6786,7118,7441,7788,8128,8487,8843,9216,9600,9978,10380,10775,11176,11603,12024,12443,12853,13256,13638,13987,14329,14633,14893,15101,15249,15370,15456,15516,15554,15585,15600,15614,15620,15625,15625,,,,,,,,,,,,,,,,
0,0,0,0,0,0,5,21,65,125,202,306,426,569,745,941,1142,1355,1552,1736,1912,2091,2280,2470,2682,2896,3121,3345,3577,3808,4047,4314,4564,4832,5115,5386,5678,5962,6262,6558,6861,7184,7517,7859,8213,8573,8939,9302,9686,10092,10472,10863,11246,11632,11993,12349,12700,13061,13402,13754,14093,14379,14618,14823,15026,15213,15374,15478,15554,15596,15612,15618,15624,15625,15625,,,,,,,,,,,,,,,,
0,0,0,0,0,0,5,26,76,149,248,343,434,536,643,752,873,985,1119,1265,1415,1566,1724,1892,2067,2258,2442,2652,2850,3069,3277,3501,3738,3977,4204,4462,4718,4972,5238,5516,5805,6111,6424,6724,7033,7367,7694,8023,8366,8730,9081,9439,9812,10201,10590,10999,11393,11782,12187,12608,13010,13347,13655,13917,14151,14356,14549,14734,14884,15034,15165,15258,15346,15414,15465,15502,15539,15563,15582,15596,15609,15618,15624,15625,15625,,,,,,
0,0,0,0,0,0,5,24,72,141,238,354,486,617,755,887,1018,1161,1308,1456,1616,1767,1941,2121,2305,2495,2695,2905,3124,3339,3568,3809,4042,4273,4527,4769,5028,5311,5597,5877,6192,6493,6804,7117,7439,7771,8102,8464,8810,9171,9528,9905,10291,10678,11069,11457,11833,12180,12531,12890,13223,13546,13841,14111,14358,14577,14753,14898,15031,15158,15250,15344,15423,15500,15573,15606,15619,15625,15625,,,,,,,,,,,,
0,0,0,0,0,0,5,30,77,152,239,337,442,552,673,793,932,1070,1207,1352,1508,1669,1841,2011,2196,2385,2583,2804,3010,3227,3448,3676,3910,4162,4424,4690,4953,5212,5491,5783,6080,6379,6698,7003,7315,7648,7999,8342,8695,9049,9402,9774,10140,10545,10929,11324,11725,12094,12469,12825,13186,13518,13833,14087,14291,14465,14621,14764,14901,15024,15131,15230,15309,15370,15425,15476,15513,15545,15567,15592,15607,15617,15623,15625,15625,,,,,,
0,0,0,0,0,0,5,27,87,164,272,395,530,660,816,968,1123,1272,1426,1580,1742,1914,2088,2276,2463,2687,2897,3117,3343,3584,3811,4065,4321,4589,4861,5133,5413,5682,5972,6264,6574,6889,7220,7545,7895,8233,8571,8933,9286,9650,10034,10417,10812,11219,11625,12061,12492,12914,13316,13667,13983,14249,14464,14629,14784,14918,15021,15129,15225,15312,15392,15455,15510,15547,15574,15591,15607,15619,15625,15625,,,,,,,,,,,
0,0,0,0,0,0,5,24,73,153,254,392,525,662,781,906,1032,1162,1307,1458,1620,1774,1937,2116,2301,2487,2697,2901,3115,3331,3550,3776,4018,4262,4499,4764,5047,5326,5614,5900,6205,6504,6823,7147,7465,7796,8133,8486,8841,9227,9591,9972,10364,10762,11152,11532,11924,12305,12673,13012,13329,13638,13923,14182,14427,14660,14865,15060,15238,15389,15483,15538,15571,15594,15611,15621,15625,15625,,,,,,,,,,,,,
0,0,0,0,0,0,5,25,70,144,249,356,481,583,704,804,936,1061,1197,1332,1472,1629,1799,1969,2150,2331,2520,2724,2915,3125,3354,3579,3814,4071,4306,4580,4833,5117,5402,5683,5976,6288,6591,6913,7237,7577,7907,8255,8604,8962,9349,9745,10128,10503,10899,11283,11720,12133,12544,12927,13290,13637,13963,14223,14480,14707,14905,15096,15251,15349,15419,15469,15515,15545,15572,15592,15610,15622,15624,15625,15625,,,,,,,,,,
0,0,0,0,0,0,5,24,71,140,242,370,529,708,905,1100,1293,1479,1666,1851,2035,2231,2425,2641,2866,3076,3328,3565,3822,4069,4329,4587,4842,5112,5410,5720,6032,6328,6644,6962,7292,7639,7978,8330,8685,9044,9424,9804,10209,10608,11011,11409,11810,12211,12599,12993,13362,13706,14040,14349,14622,14899,15127,15306,15433,15526,15579,15607,15620,15623,15625,15625,,,,,,,,,,,,,,,,,,,
0,0,0,0,0,0,5,23,76,159,271,422,579,745,898,1050,1198,1351,1519,1679,1847,2021,2189,2381,2574,2779,2977,3192,3412,3656,3885,4129,4371,4632,4893,5171,5466,5746,6042,6349,6667,6996,7310,7661,7993,8358,8727,9069,9433,9811,10197,10594,10992,11400,11838,12232,12647,13033,13402,13761,14073,14340,14590,14803,14988,15156,15291,15406,15516,15572,15608,15618,15623,15625,15625,,,,,,,,,,,,,,,,
0,0,0,0,0,0,5,24,67,131,199,277,355,437,521,619,724,833,946,1063,1191,1321,1460,1615,1781,1955,2125,2299,2494,2691,2892,3098,3312,3528,3768,4001,4251,4497,4755,5023,5290,5577,5866,6164,6468,6787,7094,7417,7751,8081,8438,8794,9144,9514,9888,10280,10670,11047,11417,11792,12147,12497,12792,13072,13334,13581,13818,14045,14253,14438,14611,14750,14891,15018,15135,15239,15335,15423,15504,15540,15567,15585,15600,15614,15621,15623,15625,15625,,,
0,0,0,0,0,0,5,23,66,125,207,300,408,529,659,804,951,1105,1261,1428,1590,1741,1913,2090,2282,2480,2682,2886,3096,3322,3543,3780,4030,4279,4518,4795,5077,5359,5645,5949,6252,6570,6894,7227,7564,7896,8242,8573,8915,9282,9652,10047,10458,10848,11253,11644,12045,12427,12814,13166,13506,13830,14113,14373,14558,14734,14880,15003,15112,15216,15317,15405,15478,15527,15567,15590,15609,15621,15624,15625,15625,,,,,,,,,,
0,0,0,0,0,0,5,27,79,153,258,388,524,656,792,920,1067,1205,1352,1512,1685,1848,2031,2218,2414,2623,2842,3064,3285,3504,3735,3965,4218,4474,4743,5027,5296,5589,5877,6194,6483,6805,7125,7458,7785,8129,8490,8845,9201,9570,9933,10309,10703,11079,11436,11798,12178,12574,12958,13335,13651,13961,14237,14495,14736,14934,15106,15236,15363,15456,15515,15560,15592,15613,15621,15624,15625,15625,,,,,,,,,,,,,
0,0,0,0,0,0,5,21,74,144,244,370,499,657,831,1024,1238,1454,1669,1874,2091,2308,2509,2720,2950,3175,3399,3641,3887,4137,4396,4662,4939,5237,5517,5796,6101,6416,6734,7044,7371,7706,8057,8404,8770,9143,9522,9902,10292,10685,11087,11502,11903,12301,12652,13009,13352,13671,13936,14199,14440,14680,14894,15087,15274,15408,15504,15575,15608,15624,15625,15625,,,,,,,,,,,,,,,,,,,
0,0,0,0,0,0,5,24,70,143,245,366,508,673,818,965,1111,1264,1416,1579,1749,1925,2089,2266,2462,2666,2876,3098,3305,3537,3760,4003,4246,4500,4759,5022,5309,5601,5892,6185,6480,6794,7124,7464,7801,8157,8517,8867,9229,9600,9982,10363,10762,11140,11537,11920,12296,12656,13007,13340,13672,13962,14249,14490,14723,14921,15102,15246,15359,15459,15540,15576,15602,15613,15619,15623,15625,15625,,,,,,,,,,,,,
0,0,0,0,0,0,5,23,69,139,236,345,456,564,672,786,909,1038,1165,1307,1453,1607,1764,1930,2103,2280,2474,2681,2885,3088,3315,3546,3772,4007,4253,4505,4765,5036,5327,5599,5888,6187,6500,6808,7106,7433,7774,8116,8466,8818,9186,9565,9926,10306,10689,11082,11460,11841,12221,12582,12931,13270,13586,13896,14164,14431,14679,14892,15106,15269,15376,15450,15510,15550,15583,15606,15621,15625,15625,,,,,,,,,,,,
0,0,0,0,0,0,5,27,80,155,253,371,502,640,804,970,1164,1349,1556,1753,1941,2132,2332,2527,2747,2970,3195,3430,3664,3912,4148,4401,4656,4946,5221,5521,5817,6113,6418,6743,7060,7412,7759,8090,8434,8789,9163,9510,9890,10284,10684,11062,11473,11865,12227,12587,12953,13305,13659,13998,14333,14605,14847,15041,15195,15324,15402,15460,15508,15543,15564,15585,15602,15614,15622,15625,15625,,,,,,,,,,,,,,
0,0,0,0,0,0,5,28,84,169,281,421,573,741,936,1131,1316,1488,1654,1830,2004,2182,2367,2545,2744,2960,3177,3395,3603,3845,4084,4332,4578,4848,5115,5391,5684,5984,6299,6608,6934,7256,7582,7917,8255,8603,8963,9336,9703,10099,10484,10872,11278,11654,12032,12416,12783,13160,13517,13850,14155,14420,14665,14891,15081,15228,15324,15394,15463,15510,15543,15571,15596,15611,15620,15625,15625,,,,,,,,,,,,,,
0,0,0,0,0,0,5,28,70,146,222,316,413,523,630,737,854,986,1113,1254,1410,1562,1712,1877,2049,2220,2412,2605,2809,3018,3239,3465,3698,3924,4170,4409,4662,4933,5209,5504,5795,6085,6398,6697,7027,7351,7675,8007,8357,8720,9070,9439,9798,10173,10540,10892,11249,11610,11966,12299,12639,12978,13276,13551,13809,14016,14198,14358,14507,14628,14748,14858,14952,15036,15111,15180,15250,15304,15357,15403,15443,15480,15516,15543,15565,15586,15603,15611,15620,15624,15625
0,0,0,0,0,0,5,25,66,150,255,380,522,667,821,964,1125,1291,1456,1634,1814,1997,2182,2385,2570,2780,2999,3219,3462,3697,3935,4185,4452,4721,5009,5287,5568,5870,6174,6487,6792,7132,7472,7795,8154,8491,8832,9196,9579,9953,10331,10731,11120,11508,11903,12317,12711,13113,13494,13867,14170,14463,14706,14956,15157,15323,15456,15534,15577,15610,15624,15625,15625,,,,,,,,,,,,,,,,,,
0,0,0,0,0,0,5,25,81,163,268,395,540,668,810,939,1085,1238,1373,1553,1715,1894,2069,2257,2462,2660,2880,3100,3335,3561,3809,4050,4293,4548,4804,5064,5337,5631,5931,6229,6533,6852,7170,7507,7841,8186,8532,8894,9248,9618,9991,10383,10784,11184,11600,12026,12422,12839,13242,13618,13941,14225,14445,14639,14804,14939,15062,15154,15242,15321,15402,15466,15535,15571,15598,15614,15622,15624,15625,15625,,,,,,,,,,,
0,0,0,0,0,0,5,24,70,152,264,406,581,750,952,1148,1345,1545,1747,1955,2151,2347,2549,2764,2992,3206,3447,3686,3921,4172,4419,4685,4954,5220,5489,5783,6082,6400,6702,7027,7367,7700,8044,8397,8737,9097,9474,9855,10238,10634,11033,11450,11864,12279,12688,13078,13481,13864,14204,14551,14845,15092,15276,15387,15466,15526,15569,15601,15617,15623,15624,15625,15625,,,,,,,,,,,,,,,,,,
0,0,0,0,0,0,5,30,84,160,276,418,561,712,868,1034,1193,1355,1525,1693,1867,2050,2233,2424,2615,2832,3048,3272,3506,3732,3968,4234,4492,4751,5032,5319,5610,5904,6203,6487,6825,7142,7482,7814,8150,8494,8853,9211,9592,9967,10344,10729,11091,11470,11857,12250,12640,13026,13408,13792,14161,14481,14716,14914,15083,15234,15349,15427,15475,15512,15541,15564,15582,15599,15612,15619,15622,15625,15625,,,,,,,,,,,,
0,0,0,0,0,0,5,25,77,155,252,359,483,616,752,897,1048,1196,1342,1502,1662,1834,2010,2194,2399,2604,2805,3021,3239,3462,3705,3958,4206,4460,4732,5000,5280,5556,5856,6148,6451,6766,7090,7412,7760,8093,8447,8805,9182,9563,9936,10333,10720,11115,11511,11933,12333,12733,13111,13493,13854,14213,14535,14831,15073,15276,15394,15481,15534,15575,15594,15609,15617,15622,15625,15625,,,,,,,,,,,,,,,
0,0,0,0,0,0,5,25,72,151,256,366,502,636,796,939,1097,1243,1409,1576,1730,1902,2093,2276,2463,2658,2855,3073,3302,3539,3778,4024,4279,4546,4821,5088,5365,5642,5931,6230,6537,6848,7161,7503,7848,8192,8551,8910,9285,9650,10018,10400,10773,11211,11641,12052,12467,12891,13328,13720,14077,14370,14633,14840,14988,15119,15226,15313,15374,15417,15458,15493,15526,15553,15577,15598,15615,15620,15624,15625,15625,,,,,,,,,,
0,0,0,0,0,0,5,24,78,165,282,402,532,646,768,893,1032,1163,1310,1471,1627,1794,1977,2172,2357,2557,2755,2984,3209,3439,3679,3917,4169,4426,4683,4956,5227,5502,5805,6115,6418,6722,7036,7366,7710,8062,8409,8764,9137,9496,9875,10244,10636,11033,11409,11787,12171,12548,12929,13314,13661,13997,14293,14544,14773,14953,15123,15270,15365,15442,15504,15553,15587,15597,15610,15619,15625,15625,,,,,,,,,,,,,
0,0,0,0,0,0,5,23,71,150,231,345,470,619,793,958,1125,1301,1486,1671,1857,2044,2246,2437,2664,2874,3102,3334,3571,3819,4079,4335,4611,4881,5147,5436,5734,6035,6352,6675,6995,7314,7667,8012,8374,8743,9090,9471,9866,10250,10655,11044,11447,11860,12269,12661,13025,13372,13718,14054,14361,14663,14919,15123,15273,15391,15471,15528,15568,15594,15610,15619,15624,15625,15625,,,,,,,,,,,,,,,,
0,0,0,0,0,0,5,29,92,181,288,421,570,721,892,1073,1264,1469,1664,1857,2050,2250,2454,2650,2868,3096,3333,3566,3817,4069,4325,4580,4859,5146,5424,5724,6031,6339,6646,6953,7284,7625,7970,8317,8667,9024,9389,9764,10127,10513,10893,11279,11661,12051,12429,12821,13193,13538,13895,14220,14523,14791,15012,15192,15316,15415,15495,15553,15588,15608,15617,15624,15625,15625,,,,,,,,,,,,,,,,,
0,0,0,0,0,0,5,26,76,158,255,374,514,675,846,1034,1212,1393,1557,1741,1930,2101,2295,2497,2699,2927,3145,3377,3617,3871,4118,4379,4645,4920,5204,5494,5785,6086,6380,6710,7036,7360,7707,8037,8387,8749,9133,9507,9896,10307,10693,11097,11483,11862,12224,12584,12965,13339,13688,14017,14344,14634,14880,15097,15270,15401,15501,15555,15590,15605,15618,15623,15625,15625,,,,,,,,,,,,,,,,,
0,0,0,0,0,0,5,26,62,124,220,339,475,648,820,1013,1213,1421,1641,1836,2032,2233,2435,2627,2839,3060,3297,3526,3770,4016,4280,4544,4824,5072,5358,5660,5970,6286,6597,6916,7249,7583,7935,8289,8652,9023,9388,9773,10159,10543,10967,11368,11793,12215,12643,13070,13504,13938,14302,14600,14840,15058,15235,15358,15445,15508,15553,15582,15601,15615,15622,15625,15625,,,,,,,,,,,,,,,,,,
0,0,0,0,0,0,5,29,83,153,236,335,453,608,751,877,1010,1157,1307,1462,1622,1794,1964,2148,2334,2523,2713,2915,3117,3333,3556,3807,4050,4306,4562,4835,5090,5362,5649,5949,6243,6559,6885,7200,7538,7875,8230,8578,8938,9292,9667,10038,10393,10768,11146,11516,11913,12286,12682,13061,13392,13689,13961,14217,14451,14684,14869,15014,15134,15241,15323,15389,15459,15512,15556,15587,15606,15620,15624,15625,15625,,,,,,,,,,
0,0,0,0,0,0,5,24,73,149,242,366,490,616,736,863,1000,1137,1279,1420,1559,1713,1880,2044,2229,2407,2596,2796,2992,3216,3435,3664,3915,4181,4425,4676,4950,5215,5502,5787,6082,6367,6684,6999,7314,7652,7984,8333,8693,9058,9432,9795,10190,10581,10970,11371,11772,12183,12581,12944,13285,13601,13893,14187,14439,14670,14928,15140,15297,15410,15492,15541,15574,15598,15617,15625,15625,,,,,,,,,,,,,,
0,0,0,0,0,0,5,25,78,155,259,371,503,636,781,909,1054,1200,1353,1515,1687,1850,2027,2206,2402,2600,2804,3017,3239,3470,3703,3946,4188,4435,4706,4972,5244,5513,5804,6109,6421,6739,7063,7398,7719,8050,8390,8738,9083,9465,9855,10231,10632,11037,11432,11844,12255,12659,13050,13419,13742,14023,14274,14505,14711,14905,15078,15227,15346,15458,15541,15580,15600,15613,15620,15623,15625,15625,,,,,,,,,,,,,
0,0,0,0,0,0,5,27,75,153,243,356,471,600,732,867,1007,1145,1292,1452,1605,1766,1946,2122,2312,2508,2721,2923,3140,3357,3586,3837,4070,4324,4573,4845,5109,5391,5663,5970,6272,6574,6883,7211,7558,7891,8234,8571,8923,9290,9662,10035,10420,10827,11225,11621,12016,12385,12775,13170,13539,13880,14172,14427,14677,14891,15076,15230,15344,15447,15527,15575,15596,15610,15621,15624,15625,15625,,,,,,,,,,,,,
0,0,0,0,0,0,5,20,66,140,242,359,488,633,766,906,1048,1199,1334,1488,1642,1818,1992,2171,2368,2567,2772,2975,3203,3426,3661,3914,4152,4398,4661,4917,5191,5462,5752,6034,6336,6655,6964,7285,7623,7967,8311,8644,9017,9384,9753,10122,10496,10881,11280,11670,12053,12430,12798,13152,13508,13884,14205,14466,14712,14920,15096,15222,15332,15412,15480,15527,15556,15583,15599,15612,15619,15624,15625,15625,,,,,,,,,,,
0,0,0,0,0,0,5,22,74,148,248,369,496,642,829,1021,1225,1423,1634,1835,2042,2236,2447,2663,2867,3075,3307,3542,3785,4026,4276,4535,4783,5056,5338,5619,5907,6207,6529,6824,7145,7463,7776,8115,8479,8828,9190,9573,9951,10347,10749,11146,11540,11914,12308,12694,13063,13418,13773,14072,14342,14565,14743,14915,15052,15175,15283,15382,15464,15537,15582,15603,15616,15624,15625,15625,,,,,,,,,,,,,,,
0,0,0,0,0,0,5,26,74,143,227,302,380,465,564,656,765,885,1005,1137,1268,1408,1558,1710,1867,2039,2219,2405,2603,2803,3009,3226,3447,3672,3905,4146,4407,4676,4943,5211,5482,5775,6064,6390,6679,6992,7310,7636,7981,8318,8670,9033,9384,9727,10090,10435,10790,11133,11484,11793,12098,12381,12674,12945,13191,13442,13660,13876,14083,14294,14500,14696,14882,15063,15199,15297,15379,15446,15497,15542,15569,15590,15609,15619,15625,15625,,,,,
0,0,0,0,0,0,5,20,68,146,240,360,494,635,787,929,1083,1225,1396,1561,1724,1912,2079,2265,2470,2683,2889,3111,3340,3576,3802,4055,4313,4577,4838,5126,5422,5687,5989,6269,6592,6907,7224,7561,7894,8237,8608,8966,9335,9732,10101,10497,10890,11272,11666,12060,12449,12841,13224,13592,13942,14260,14573,14835,15055,15224,15344,15449,15526,15575,15610,15620,15625,15625,,,,,,,,,,,,,,,,,
0,0,0,0,0,0,5,24,74,141,235,344,475,619,783,927,1057,1198,1344,1490,1645,1793,1957,2126,2313,2498,2691,2888,3092,3307,3532,3771,4012,4280,4524,4773,5041,5307,5585,5875,6187,6496,6805,7120,7440,7774,8118,8454,8811,9172,9563,9933,10318,10714,11107,11498,11869,12239,12591,12915,13254,13559,13866,14156,14403,14621,14812,14990,15143,15272,15381,15475,15570,15609,15619,15624,15625,15625,,,,,,,,,,,,,
0,0,0,0,0,0,4,22,59,125,213,321,473,639,840,1046,1238,1445,1644,1844,2035,2233,2438,2646,2861,3067,3297,3528,3772,4009,4261,4524,4788,5062,5363,5653,5946,6237,6545,6866,7197,7539,7884,8227,8578,8936,9303,9663,10044,10424,10787,11161,11531,11891,12242,12569,12912,13237,13578,13900,14178,14397,14593,14745,14885,15008,15106,15205,15296,15374,15438,15490,15531,15556,15579,15595,15608,15615,15622,15624,15625,15625,,,,,,,,,
0,0,0,0,0,0,5,24,70,128,203,306,431,548,680,797,907,1043,1170,1317,1464,1619,1797,1968,2139,2313,2512,2715,2936,3150,3398,3631,3863,4109,4360,4614,4882,5163,5429,5703,6014,6331,6621,6934,7257,7593,7931,8267,8622,8984,9353,9731,10106,10500,10899,11283,11670,12029,12401,12760,13114,13436,13754,14052,14315,14567,14780,14947,15085,15209,15318,15408,15490,15568,15610,15624,15625,15625,,,,,,,,,,,,,
0,0,0,0,0,0,5,29,82,159,254,367,475,587,706,827,938,1066,1206,1348,1491,1645,1809,1980,2153,2341,2547,2739,2948,3166,3387,3617,3851,4094,4338,4588,4840,5117,5389,5696,5974,6279,6584,6898,7223,7561,7894,8244,8586,8946,9313,9678,10078,10459,10842,11229,11617,11981,12374,12738,13078,13387,13681,13950,14186,14405,14605,14778,14951,15089,15204,15313,15420,15510,15583,15617,15625,15625,,,,,,,,,,,,,
0,0,0,0,0,0,5,28,77,154,263,374,506,652,788,937,1086,1235,1394,1550,1716,1889,2073,2241,2429,2627,2839,3064,3288,3507,3737,3972,4214,4462,4713,4963,5261,5545,5838,6145,6452,6757,7102,7417,7771,8127,8489,8846,9211,9590,9964,10371,10759,11162,11566,11972,12369,12766,13153,13533,13866,14202,14495,14762,15007,15189,15320,15426,15499,15550,15587,15603,15613,15619,15625,15625,,,,,,,,,,,,,,,
0,0,0,0,0,0,5,24,79,154,223,307,411,519,621,735,856,977,1110,1249,1395,1557,1708,1867,2037,2220,2409,2606,2818,3042,3260,3475,3704,3945,4197,4442,4711,4969,5247,5537,5826,6117,6420,6735,7069,7383,7713,8065,8419,8782,9135,9511,9871,10257,10652,11066,11454,11844,12220,12632,13019,13367,13670,13939,14175,14402,14603,14779,14940,15110,15243,15352,15441,15511,15551,15583,15604,15615,15622,15625,15625,,,,,,,,,,
0,0,0,0,0,0,5,24,71,147,251,384,523,670,822,978,1135,1275,1426,1584,1737,1907,2085,2256,2435,2625,2819,3027,3235,3470,3707,3941,4188,4443,4701,4986,5262,5544,5840,6139,6443,6744,7053,7392,7708,8054,8408,8767,9123,9504,9869,10235,10638,11053,11451,11833,12218,12604,12957,13290,13604,13897,14193,14459,14674,14876,15038,15159,15268,15350,15421,15469,15509,15537,15558,15578,15596,15609,15616,15622,15625,15625,,,,,,,,,
0,0,0,0,0,0,5,22,66,128,226,355,486,608,742,878,1017,1168,1319,1471,1629,1801,1983,2163,2366,2563,2770,2974,3199,3431,3670,3917,4159,4408,4671,4956,5244,5528,5820,6096,6399,6722,7052,7375,7719,8060,8411,8774,9121,9510,9890,10269,10658,11047,11455,11842,12235,12622,13020,13390,13737,14060,14389,14666,14912,15124,15291,15404,15484,15543,15577,15601,15616,15623,15625,15625,,,,,,,,,,,,,,,
0,0,0,0,0,0,5,25,75,151,256,389,541,704,874,1028,1175,1339,1506,1678,1842,2022,2200,2394,2596,2796,3017,3238,3451,3688,3934,4187,4451,4712,4975,5256,5549,5842,6132,6439,6756,7067,7390,7736,8074,8425,8778,9141,9517,9905,10292,10692,11099,11502,11900,12298,12696,13088,13465,13803,14138,14436,14710,14948,15142,15301,15412,15482,15528,15564,15587,15604,15613,15622,15624,15625,15625,,,,,,,,,,,,,,
0,0,0,0,0,0,5,21,69,148,244,367,525,679,841,1007,1191,1387,1570,1759,1957,2154,2355,2568,2780,2997,3220,3446,3683,3923,4174,4430,4685,4955,5218,5501,5801,6090,6417,6724,7049,7376,7710,8046,8407,8764,9129,9482,9882,10278,10674,11060,11452,11845,12225,12588,12968,13334,13679,14013,14325,14616,14885,15102,15259,15378,15457,15507,15545,15569,15589,15603,15612,15619,15623,15625,15625,,,,,,,,,,,,,,
0,0,0,0,0,0,5,21,71,155,264,406,548,697,853,998,1158,1300,1464,1624,1783,1964,2129,2318,2507,2710,2910,3123,3341,3571,3809,4054,4300,4559,4801,5079,5362,5625,5926,6231,6539,6841,7163,7480,7809,8153,8521,8870,9241,9610,10005,10392,10781,11180,11574,11978,12371,12763,13170,13579,13946,14264,14541,14763,14937,15085,15205,15313,15397,15460,15522,15569,15598,15615,15623,15625,15625,,,,,,,,,,,,,,
0,0,0,0,0,0,5,25,76,146,235,344,479,618,758,924,1092,1249,1418,1594,1781,1970,2158,2360,2582,2805,3009,3232,3470,3718,3958,4212,4462,4759,5030,5322,5622,5904,6207,6524,6833,7163,7491,7835,8181,8543,8899,9279,9640,10024,10407,10808,11199,11594,11977,12344,12713,13078,13418,13756,14099,14393,14669,14917,15111,15288,15407,15488,15549,15591,15612,15622,15623,15625,15625,,,,,,,,,,,,,,,,
0,0,0,0,0,0,5,26,81,157,267,412,593,756,922,1088,1239,1401,1571,1737,1919,2094,2285,2478,2669,2855,3080,3300,3527,3757,3994,4248,4503,4762,5030,5310,5608,5889,6184,6506,6805,7129,7461,7788,8119,8469,8840,9224,9595,9970,10359,10751,11127,11531,11919,12295,12683,13073,13445,13782,14092,14371,14594,14776,14930,15073,15179,15283,15359,15428,15483,15529,15559,15588,15606,15615,15621,15625,15625,,,,,,,,,,,,
0,0,0,0,0,0,5,30,80,165,259,358,453,543,658,768,878,1006,1159,1297,1449,1605,1782,1947,2126,2291,2484,2674,2888,3101,3329,3553,3772,4009,4263,4517,4768,5045,5325,5611,5898,6205,6511,6811,7130,7449,7777,8099,8447,8799,9160,9540,9896,10278,10645,11045,11464,11885,12275,12669,13091,13455,13810,14148,14478,14765,15039,15221,15353,15437,15513,15554,15587,15611,15622,15624,15625,15625,,,,,,,,,,,,,
0,0,0,0,0,0,5,27,78,158,261,380,511,672,852,1021,1196,1371,1556,1738,1934,2123,2334,2551,2770,2984,3223,3460,3691,3939,4196,4453,4728,4993,5264,5562,5853,6157,6469,6777,7117,7438,7785,8125,8482,8846,9202,9572,9952,10353,10746,11143,11549,11945,12333,12723,13075,13424,13761,14088,14395,14674,14934,15137,15292,15402,15477,15534,15569,15590,15609,15620,15623,15625,15625,,,,,,,,,,,,,,,,
0,0,0,0,0,0,5,19,58,132,226,338,489,655,842,1015,1178,1352,1525,1692,1880,2066,2266,2470,2681,2883,3121,3352,3580,3825,4078,4345,4597,4858,5140,5417,5721,6014,6312,6627,6941,7271,7618,7958,8318,8673,9035,9409,9776,10152,10542,10933,11335,11753,12155,12539,12915,13276,13633,13963,14278,14560,14847,15105,15300,15432,15532,15582,15612,15622,15624,15625,15625,,,,,,,,,,,,,,,,,,
0,0,0,0,0,0,5,26,69,129,212,298,385,476,576,677,787,902,1021,1153,1290,1435,1580,1726,1892,2070,2256,2448,2646,2854,3066,3290,3518,3758,3990,4223,4482,4746,5025,5299,5581,5852,6153,6469,6771,7084,7404,7731,8082,8425,8778,9145,9499,9873,10253,10632,11012,11397,11766,12117,12448,12761,13058,13319,13576,13807,14039,14258,14474,14681,14858,15007,15155,15265,15351,15407,15450,15494,15528,15555,15577,15593,15606,15618,15624,15625,15625,,,,
0,0,0,0,0,0,5,27,64,130,227,332,458,592,750,909,1086,1272,1474,1647,1830,2018,2201,2413,2610,2821,3040,3263,3498,3737,3986,4225,4485,4746,5023,5313,5597,5881,6169,6482,6793,7110,7435,7780,8124,8485,8845,9215,9591,9977,10362,10753,11155,11557,11962,12347,12726,13091,13451,13791,14098,14401,14666,14910,15114,15276,15407,15498,15561,15607,15622,15625,15625,,,,,,,,,,,,,,,,,,
0,0,0,0,0,0,5,25,78,158,261,404,563,740,916,1091,1276,1440,1612,1768,1946,2130,2306,2513,2709,2920,3151,3390,3626,3851,4083,4338,4595,4870,5156,5435,5726,6015,6320,6628,6965,7283,7620,7963,8294,8646,9016,9370,9744,10129,10534,10933,11320,11735,12137,12545,12944,13345,13732,14059,14339,14576,14791,14973,15126,15271,15388,15506,15586,15614,15624,15625,15625,,,,,,,,,,,,,,,,,,
