0,1,2,3,4,5,6,7,8,9,10,11,12,13,14,15,16,17,18,19,20,21,22,23,24,25,26,27,28,29,30,31,32,33,34,35,36,37,38,39,40,41,42,43,44,45,46,47,48,49,50,51,52,53,54,55,56,57,58,59,60,61,62,63,64,65,66
10,37,113,236,425,647,892,1142,1353,1563,1711,1813,1891,1925,1981,1996,2002,1971,1877,1808,1752,1708,1671,1642,1631,1627,1642,1635,1594,1547,1509,1490,1437,1398,1343,1308,1279,1244,1214,1152,1097,1036,1011,995,989,1003,960,930,902,875,862,848,825,794,766,704,643,589,534,490,470,429,381,345,296,249,227
10,38,113,244,391,573,778,979,1212,1441,1645,1873,2078,2282,2478,2607,2714,2785,2849,2899,2933,2968,2918,2869,2759,2573,2477,2348,2216,2094,1901,1702,1544,1440,1366,1345,1328,1301,1232,1118,1016,871,756,663,550,467,378,291,215,154,102,56,28,7,1,0,0,0,0,0,0,0,0,0,0,0,0
10,41,120,255,441,645,856,1049,1239,1447,1629,1832,2004,2166,2334,2499,2666,2809,2913,2994,3018,3033,3068,3064,3009,2955,2826,2681,2535,2272,2057,1800,1597,1485,1317,1178,1009,822,677,556,480,429,394,354,333,311,294,281,274,257,246,243,224,218,196,168,136,99,66,40,19,5,1,0,0,0,0
10,52,142,286,470,686,883,1053,1203,1317,1441,1555,1681,1775,1862,1941,1973,2052,2073,2144,2186,2206,2295,2303,2380,2429,2423,2442,2446,2426,2419,2344,2223,2059,1870,1693,1495,1372,1236,1163,1094,1005,935,832,771,713,665,615,561,512,459,429,374,311,249,179,122,79,42,15,5,0,0,0,0,0,0
10,44,127,258,432,643,863,1086,1316,1531,1703,1819,1877,1887,1871,1896,1888,1919,1922,1888,1836,1766,1713,1670,1687,1689,1710,1705,1720,1687,1687,1692,1621,1590,1529,1456,1428,1382,1319,1263,1173,1105,1042,989,976,951,935,917,889,883,879,874,876,860,838,805,732,641,535,428,339,266,208,160,123,102,87
10,47,131,268,454,665,871,1077,1255,1465,1689,1914,2113,2285,2446,2545,2672,2786,2806,2818,2760,2656,2573,2458,2349,2247,2117,1972,1827,1652,1525,1423,1322,1220,1120,1041,964,926,878,833,797,744,692,645,583,531,477,445,454,431,432,421,412,413,400,385,359,358,349,344,335,301,280,244,212,193,172
10,44,125,251,394,580,746,935,1138,1292,1500,1689,1865,2073,2225,2339,2424,2512,2574,2602,2628,2586,2529,2483,2391,2278,2162,2063,2025,1986,1940,1857,1768,1700,1608,1574,1488,1365,1277,1134,1001,932,871,813,787,730,634,539,440,361,328,307,293,279,255,234,211,178,149,124,100,81,62,47,31,17,9
10,40,108,227,385,568,792,997,1208,1433,1611,1773,1937,2022,2128,2224,2269,2342,2350,2293,2235,2178,2107,2077,1988,1871,1782,1692,1657,1628,1570,1509,1420,1331,1267,1221,1169,1113,1071,1001,966,930,894,855,793,737,659,617,577,537,511,479,469,463,443,439,437,429,422,404,392,392,404,406,401,388,366
10,36,100,221,386,588,808,1017,1223,1419,1623,1780,1891,1983,2023,2081,2129,2186,2252,2298,2380,2423,2449,2517,2526,2497,2432,2320,2230,2169,2123,2085,2035,1973,1918,1864,1805,1760,1682,1580,1453,1295,1152,986,795,599,404,235,130,66,28,10,1,0,0,0,0,0,0,0,0,0,0,0,0,0,0
10,43,124,274,463,664,870,1025,1153,1263,1347,1436,1535,1650,1734,1817,1883,1953,2045,2081,2108,2065,2037,2013,2002,1999,1959,1940,1877,1864,1815,1793,1744,1630,1545,1402,1280,1198,1115,1049,992,921,854,798,729,700,662,621,612,572,549,527,512,504,493,490,488,463,457,438,429,437,416,428,400,374,359
10,50,136,275,479,705,936,1148,1342,1544,1723,1895,2041,2168,2267,2374,2430,2413,2428,2399,2347,2317,2245,2188,2166,2138,2092,2026,1985,1928,1871,1820,1712,1611,1558,1467,1389,1305,1180,1071,980,899,842,802,777,754,727,682,619,560,499,445,385,331,268,227,204,178,173,155,124,93,49,20,4,0,0
10,37,105,238,407,618,825,1014,1205,1410,1586,1764,1916,2034,2155,2285,2399,2477,2563,2599,2620,2681,2706,2742,2795,2768,2782,2755,2697,2670,2572,2487,2394,2217,1965,1652,1337,1091,962,882,766,644,506,376,305,239,188,144,102,85,67,49,40,23,12,7,1,0,0,0,0,0,0,0,0,0,0
10,43,122,249,413,601,802,998,1199,1366,1540,1736,1881,1992,2052,2072,2074,2150,2198,2213,2254,2205,2152,2066,2001,1926,1817,1737,1614,1525,1474,1411,1333,1251,1170,1099,1042,997,965,925,911,900,877,862,822,774,736,695,671,644,610,588,553,529,509,484,474,462,431,411,374,342,327,312,317,313,302
10,43,124,244,422,600,801,1011,1174,1338,1445,1523,1570,1663,1747,1816,1930,1980,2027,2075,2107,2138,2195,2266,2306,2340,2356,2374,2354,2308,2237,2109,2034,1946,1835,1751,1643,1550,1470,1380,1270,1174,1079,986,929,863,818,771,693,603,497,399,334,293,267,228,183,141,93,60,35,14,3,1,0,0,0
10,44,121,241,399,570,755,959,1159,1358,1563,1751,1919,2087,2223,2335,2450,2515,2573,2605,2606,2614,2549,2490,2405,2329,2282,2191,2126,2050,1942,1866,1733,1603,1498,1371,1294,1223,1155,1094,1025,954,897,870,843,798,736,651,573,489,423,358,287,241,189,154,130,100,80,55,35,19,8,3,0,0,0
10,43,121,258,448,682,922,1141,1357,1536,1719,1906,2044,2173,2247,2302,2371,2403,2459,2480,2498,2511,2484,2498,2444,2416,2330,2226,2103,1929,1770,1572,1429,1333,1271,1205,1114,1028,960,920,906,876,845,788,730,672,606,582,557,540,524,486,471,432,410,391,350,310,265,202,150,109,61,37,12,1,0
10,44,121,276,477,715,967,1197,1423,1630,1801,1968,2097,2212,2262,2258,2234,2181,2168,2161,2144,2127,2121,2117,2132,2149,2133,2130,2127,2091,2085,2058,1999,1945,1871,1765,1651,1538,1404,1282,1165,1083,987,900,830,712,625,523,414,330,252,200,170,151,135,117,99,77,59,40,22,9,3,2,0,0,0
10,41,137,299,493,712,894,1059,1209,1340,1488,1615,1736,1831,1882,1917,1945,1956,1964,1953,1903,1861,1801,1730,1650,1546,1460,1383,1320,1293,1282,1273,1255,1218,1174,1112,1076,1074,1047,1048,1024,975,964,946,944,951,935,913,900,877,843,833,805,781,761,750,726,717,702,653,636,601,581,560,533,526,514
10,43,117,226,391,580,789,992,1176,1323,1468,1628,1728,1852,1911,1964,2045,2100,2158,2215,2255,2342,2370,2377,2376,2355,2347,2311,2268,2164,2125,2091,2108,2098,2026,1939,1762,1585,1430,1275,1168,1077,974,850,712,609,529,477,457,423,392,366,322,290,243,199,158,111,93,74,54,42,22,10,4,0,0
10,42,121,255,435,651,885,1108,1330,1556,1757,1946,2097,2238,2309,2408,2499,2550,2631,2622,2619,2594,2553,2534,2420,2302,2177,2037,1938,1828,1696,1556,1426,1282,1144,1035,947,876,870,832,802,799,763,744,724,684,657,635,616,588,533,477,409,360,320,285,261,239,229,216,204,183,169,154,140,131,117
10,38,119,259,439,657,851,1029,1188,1315,1441,1538,1645,1731,1797,1847,1879,1907,1897,1881,1851,1830,1827,1828,1833,1831,1782,1738,1639,1560,1549,1510,1521,1535,1514,1500,1471,1427,1419,1419,1416,1406,1376,1362,1363,1387,1394,1412,1362,1243,1138,979,835,721,597,496,419,337,253,180,116,66,40,16,7,3,0
10,46,120,240,403,610,823,1026,1227,1395,1572,1750,1906,2069,2170,2227,2245,2217,2235,2270,2337,2379,2370,2356,2311,2322,2330,2354,2368,2351,2319,2208,2071,1912,1754,1649,1562,1494,1422,1343,1222,1072,952,825,752,685,612,541,442,339,245,160,111,92,65,43,27,11,5,2,0,0,0,0,0,0,0
10,38,105,224,390,587,814,1024,1230,1406,1570,1722,1822,1940,2042,2142,2262,2357,2438,2444,2420,2383,2307,2314,2318,2254,2176,2058,1895,1782,1693,1589,1520,1454,1394,1332,1277,1224,1135,1059,1000,933,886,851,804,783,753,720,707,655,598,555,493,456,433,386,334,297,272,247,241,217,192,172,149,131,120
10,44,115,249,431,619,837,1049,1248,1465,1644,1792,1944,2065,2200,2330,2429,2541,2560,2572,2584,2552,2553,2569,2526,2499,2460,2397,2335,2264,2197,2110,2028,1926,1808,1710,1607,1533,1437,1263,1096,889,732,617,512,424,326,253,190,145,115,83,54,28,10,0,0,0,0,0,0,0,0,0,0,0,0
10,44,122,251,431,656,889,1140,1349,1521,1683,1824,1993,2177,2349,2493,2608,2660,2724,2778,2794,2850,2861,2839,2751,2629,2446,2276,2168,2029,1925,1818,1709,1608,1533,1425,1322,1221,1121,1008,917,834,708,631,509,402,321,254,220,192,172,154,141,128,114,90,69,43,26,13,3,0,0,0,0,0,0
10,37,115,237,399,594,767,940,1111,1227,1351,1435,1497,1565,1631,1661,1652,1642,1600,1581,1578,1550,1486,1447,1385,1330,1306,1270,1263,1257,1249,1256,1254,1276,1313,1297,1285,1288,1289,1308,1316,1314,1272,1217,1170,1099,1046,1018,976,955,936,903,905,863,836,830,789,770,743,721,692,677,663,637,622,611,597
10,49,130,256,441,633,867,1119,1338,1572,1783,1940,2113,2277,2435,2574,2691,2757,2767,2807,2818,2835,2824,2784,2676,2535,2372,2174,2001,1854,1721,1583,1488,1404,1307,1217,1072,920,811,727,702,660,624,599,566,557,536,513,477,442,413,375,343,304,264,237,209,167,129,86,48,27,10,2,0,0,0
10,46,129,269,448,667,896,1114,1322,1480,1608,1746,1881,2009,2143,2232,2314,2389,2416,2488,2508,2537,2588,2550,2525,2502,2465,2489,2486,2476,2452,2349,2210,1995,1726,1441,1217,1019,873,794,721,681,648,593,556,513,502,491,460,452,404,345,285,198,132,91,51,30,12,2,0,0,0,0,0,0,0
10,37,103,221,383,591,816,1038,1278,1490,1709,1944,2142,2335,2477,2576,2678,2751,2827,2877,2883,2881,2876,2850,2793,2696,2598,2483,2419,2339,2237,2113,1928,1760,1579,1426,1281,1149,1004,870,778,676,581,475,347,257,175,121,74,32,12,0,0,0,0,0,0,0,0,0,0,0,0,0,0,0,0
10,44,127,264,446,668,869,1065,1232,1388,1536,1675,1800,1864,1920,1911,1908,1935,1973,1999,2051,2068,2073,2159,2141,2174,2191,2183,2270,2325,2369,2342,2242,2119,1993,1890,1817,1731,1650,1563,1411,1218,1022,849,732,661,604,539,479,423,364,325,278,244,202,164,142,115,95,65,35,17,6,1,0,0,0
10,52,142,286,467,685,890,1094,1283,1471,1673,1885,2125,2297,2426,2504,2482,2505,2538,2544,2579,2567,2474,2393,2278,2151,2091,2013,1946,1864,1761,1678,1602,1524,1419,1293,1157,1032,916,832,755,699,673,615,591,561,525,508,467,435,428,407,403,394,354,327,303,269,257,241,228,218,202,195,176,165,152
10,45,131,262,430,641,863,1120,1380,1605,1826,2047,2230,2410,2552,2651,2783,2885,2959,3008,2997,2999,2947,2887,2791,2719,2616,2460,2316,2083,1889,1737,1615,1491,1405,1288,1153,1052,935,833,699,558,432,317,254,212,187,163,147,135,121,117,104,97,88,74,65,53,40,30,20,9,3,0,0,0,0
10,43,115,245,440,655,866,1084,1293,1531,1765,1977,2193,2352,2496,2645,2762,2843,2918,2988,3040,3092,3152,3157,3147,3091,2998,2841,2648,2441,2182,1938,1665,1430,1237,1048,895,764,644,581,512,444,391,323,272,228,175,132,98,71,54,35,19,9,1,0,0,0,0,0,0,0,0,0,0,0,0
10,48,131,273,466,681,871,1063,1213,1349,1509,1651,1776,1911,2019,2093,2217,2316,2429,2537,2587,2615,2602,2518,2455,2369,2284,2243,2160,2070,1992,1908,1825,1729,1621,1519,1387,1243,1076,906,761,667,581,529,498,468,455,432,421,405,401,401,387,391,381,359,339,309,292,276,261,248,226,205,187,155,116
10,43,111,233,393,578,763,954,1114,1264,1409,1493,1615,1733,1812,1958,2037,2117,2207,2254,2269,2279,2279,2276,2312,2280,2231,2148,2045,1919,1804,1661,1546,1416,1287,1196,1104,1076,1048,1027,987,933,882,803,752,707,680,671,636,640,645,637,659,638,596,549,479,449,424,413,407,385,366,361,338,313,282
10,48,138,277,442,641,809,956,1111,1236,1354,1474,1575,1694,1821,1938,2010,2030,2027,2007,1961,1970,1974,1974,2048,2078,2100,2133,2123,2091,2040,1991,1941,1861,1777,1657,1533,1456,1391,1335,1257,1149,1077,980,913,875,801,766,717,675,638,595,570,526,478,418,356,296,248,222,199,182,171,154,142,131,119
10,42,119,250,404,613,825,1022,1227,1378,1511,1669,1789,1931,2061,2115,2198,2280,2320,2372,2407,2403,2444,2495,2531,2565,2555,2489,2387,2285,2168,2058,1942,1809,1689,1569,1445,1323,1169,1002,872,731,630,570,502,452,428,401,382,370,338,322,314,291,288,276,264,271,251,235,219,176,156,125,88,70,41
10,37,109,244,406,597,791,992,1218,1423,1615,1789,1969,2121,2275,2408,2502,2553,2614,2562,2483,2440,2358,2323,2237,2130,1980,1869,1760,1658,1556,1458,1401,1357,1345,1337,1331,1308,1296,1247,1215,1166,1083,990,871,773,684,632,579,541,510,457,420,392,359,347,329,300,258,221,180,147,127,104,80,50,34
10,50,140,294,486,704,936,1167,1406,1660,1900,2127,2360,2519,2679,2808,2838,2900,2923,2903,2894,2850,2811,2759,2733,2654,2546,2422,2254,2137,1991,1856,1720,1512,1341,1193,1030,922,767,615,504,410,356,309,271,249,229,212,203,177,156,153,146,143,141,120,99,83,68,51,39,24,10,5,1,0,0
10,41,118,248,404,596,789,993,1199,1404,1570,1692,1819,1877,1984,2083,2205,2315,2370,2377,2319,2262,2223,2227,2278,2306,2322,2304,2187,2160,2066,1987,1930,1820,1756,1689,1619,1516,1405,1275,1131,1002,873,755,670,621,576,535,510,462,417,393,360,327,313,289,263,234,187,141,89,51,25,6,1,0,0
10,50,121,264,446,668,912,1156,1405,1637,1882,2125,2337,2524,2683,2822,2948,3087,3137,3159,3170,3105,3043,2900,2707,2530,2343,2156,1974,1795,1646,1547,1486,1382,1297,1161,1030,921,789,694,583,488,405,347,300,259,241,219,209,205,198,200,183,176,167,143,133,119,100,88,69,47,30,13,4,1,0
10,43,125,262,435,636,831,1059,1262,1445,1629,1771,1911,2019,2100,2147,2171,2184,2174,2148,2147,2159,2178,2191,2199,2178,2121,2042,1918,1782,1651,1529,1422,1350,1298,1232,1178,1092,989,918,840,790,765,745,729,724,709,696,677,658,659,643,646,634,597,569,521,478,450,413,405,381,352,324,272,239,206
10,45,127,269,445,647,862,1045,1205,1345,1494,1642,1822,1984,2121,2228,2313,2402,2437,2512,2550,2599,2655,2672,2670,2650,2625,2567,2532,2435,2310,2151,1936,1743,1577,1421,1311,1220,1127,1085,1032,942,864,748,627,532,431,362,312,276,238,213,181,152,115,72,47,22,11,7,1,0,0,0,0,0,0
10,38,111,249,413,614,847,1039,1235,1456,1598,1753,1895,1935,2045,2097,2155,2246,2359,2455,2564,2671,2721,2770,2756,2720,2631,2586,2536,2455,2375,2271,2139,2001,1824,1616,1430,1239,1077,929,768,648,553,475,417,379,336,299,296,264,241,223,188,168,151,134,120,105,91,85,68,55,34,13,4,0,0
10,47,118,247,418,607,793,982,1146,1306,1504,1681,1842,2015,2138,2265,2425,2543,2641,2681,2677,2648,2602,2551,2467,2354,2308,2234,2208,2192,2071,2014,1891,1745,1617,1427,1247,1089,929,797,702,620,574,548,501,468,440,404,398,388,376,363,341,329,315,303,287,273,259,240,225,194,163,141,121,107,95
10,45,122,242,403,588,773,967,1149,1328,1474,1587,1689,1743,1807,1811,1826,1826,1803,1844,1816,1797,1795,1751,1741,1762,1784,1820,1833,1818,1748,1666,1599,1511,1456,1398,1310,1210,1118,1034,975,942,896,864,823,807,788,749,739,706,684,669,639,607,580,556,532,512,494,474,458,450,434,418,396,366,344
10,40,111,246,416,606,837,1065,1275,1507,1684,1861,2049,2199,2347,2451,2547,2653,2756,2862,2965,3086,3165,3192,3121,2967,2842,2679,2506,2318,2068,1871,1720,1573,1447,1271,1079,897,737,620,526,463,407,363,343,318,297,285,267,242,204,157,117,89,71,60,48,36,21,11,5,0,0,0,0,0,0
10,47,127,255,442,648,867,1074,1268,1460,1623,1774,1933,2101,2257,2369,2438,2487,2496,2519,2509,2466,2471,2465,2399,2319,2139,1972,1831,1685,1603,1496,1418,1341,1261,1216,1170,1116,1086,1018,950,895,817,753,694,653,620,613,612,594,593,553,521,500,461,433,405,361,309,261,212,177,158,151,141,127,99
10,47,141,277,461,680,883,1091,1291,1488,1680,1851,2003,2095,2189,2224,2229,2276,2314,2387,2446,2499,2519,2540,2589,2566,2546,2489,2362,2224,2074,1935,1831,1758,1672,1589,1526,1444,1348,1239,1083,964,864,761,691,591,501,430,354,286,228,171,118,76,35,10,0,0,0,0,0,0,0,0,0,0,0
10,53,138,272,456,649,872,1070,1271,1413,1551,1697,1837,2030,2160,2275,2335,2357,2377,2386,2389,2368,2313,2254,2201,2147,2102,2021,1923,1827,1762,1724,1698,1635,1542,1463,1358,1305,1251,1191,1111,1034,961,864,797,727,650,591,541,480,443,411,377,351,323,286,260,237,226,207,192,186,173,162,148,136,110
10,48,138,267,442,625,809,998,1175,1390,1600,1804,1985,2102,2215,2302,2417,2507,2528,2565,2546,2520,2536,2467,2417,2364,2312,2302,2310,2349,2372,2428,2437,2392,2304,2113,1881,1663,1431,1197,958,727,528,412,335,266,206,136,81,41,15,3,0,0,0,0,0,0,0,0,0,0,0,0,0,0,0
10,40,123,268,441,645,860,1025,1170,1297,1410,1543,1685,1811,1888,1960,2024,2083,2133,2163,2185,2194,2217,2234,2223,2253,2239,2241,2254,2188,2115,2011,1876,1699,1561,1393,1238,1162,1080,1016,970,913,855,813,783,746,703,663,609,558,531,491,450,416,373,347,325,310,295,277,257,244,223,209,203,188,183
10,43,128,258,440,633,811,985,1146,1321,1466,1603,1706,1771,1882,1947,2027,2155,2228,2356,2456,2500,2547,2531,2523,2522,2491,2471,2384,2239,2058,1854,1690,1539,1420,1320,1209,1124,1045,949,882,807,743,715,668,634,597,550,497,451,434,404,402,378,358,357,340,329,303,268,238,224,204,194,185,172,163
10,42,129,274,451,652,849,1023,1196,1369,1530,1680,1816,1946,2008,2122,2198,2231,2291,2304,2299,2317,2340,2320,2258,2173,2060,1933,1824,1694,1569,1453,1384,1350,1280,1251,1198,1130,1098,1030,1001,962,935,926,902,885,866,844,820,791,760,732,688,658,615,563,518,455,417,371,330,278,220,157,96,61,27
10,50,127,268,459,661,891,1112,1323,1555,1778,1992,2229,2408,2520,2679,2717,2804,2844,2752,2694,2558,2476,2383,2241,2091,1909,1774,1663,1585,1526,1451,1405,1331,1261,1214,1152,1070,998,907,837,805,785,772,757,731,701,656,596,556,493,451,420,370,329,285,242,207,186,164,147,136,118,98,86,73,52
10,41,114,240,423,642,891,1107,1305,1467,1573,1722,1877,2031,2227,2373,2456,2517,2492,2478,2477,2444,2407,2324,2202,2077,1993,1921,1849,1813,1787,1704,1637,1542,1437,1375,1357,1346,1293,1246,1148,1059,979,875,781,685,620,573,546,524,473,458,425,396,373,328,297,262,222,191,147,115,93,71,54,33,20
10,42,123,260,436,644,864,1092,1296,1490,1664,1823,1965,2078,2182,2253,2297,2325,2328,2341,2367,2432,2442,2389,2369,2237,2175,2100,1969,1869,1720,1637,1562,1513,1483,1418,1335,1243,1135,1036,942,854,779,703,639,595,561,520,510,498,488,466,429,395,347,328,306,275,264,249,232,224,199,173,159,147,135
10,35,107,219,381,584,763,931,1073,1173,1274,1360,1449,1530,1626,1712,1799,1885,1957,2054,2143,2240,2332,2383,2410,2437,2452,2456,2455,2422,2328,2238,2103,1963,1839,1706,1584,1476,1396,1334,1260,1180,1101,1006,937,867,788,709,637,559,490,421,355,305,253,216,188,168,153,145,136,122,106,94,70,46,28
10,41,114,249,429,654,875,1135,1349,1558,1744,1853,1985,2031,2081,2137,2170,2257,2312,2333,2350,2292,2261,2246,2212,2222,2256,2214,2233,2215,2133,2096,1971,1861,1729,1613,1506,1434,1359,1247,1130,1003,888,821,771,720,690,645,573,492,408,321,262,198,135,81,43,16,9,3,0,0,0,0,0,0,0
10,37,108,230,386,571,780,987,1196,1385,1559,1733,1911,2095,2223,2338,2380,2423,2454,2429,2407,2348,2296,2208,2088,1969,1853,1737,1677,1612,1548,1520,1495,1449,1395,1378,1344,1318,1294,1246,1195,1153,1099,1031,962,889,828,776,724,696,670,643,611,583,529,456,409,320,258,208,151,117,86,68,48,29,14
10,39,111,240,425,663,893,1121,1349,1547,1763,1978,2157,2327,2495,2613,2674,2712,2677,2653,2606,2523,2403,2239,2068,1869,1710,1559,1455,1390,1295,1200,1116,1043,1021,1013,983,942,912,854,808,770,712,669,619,583,556,542,542,531,517,512,496,482,467,454,447,449,435,415,410,392,394,392,373,345,309
10,38,113,234,403,614,823,1017,1178,1362,1554,1730,1943,2108,2272,2428,2533,2612,2622,2660,2697,2745,2793,2843,2893,2909,2928,2854,2785,2684,2510,2342,2118,1854,1639,1420,1205,1012,817,658,528,459,417,390,354,311,266,212,172,139,126,118,110,99,83,72,59,48,31,16,6,0,0,0,0,0,0
10,40,111,238,419,629,869,1118,1347,1568,1746,1898,1998,2081,2171,2254,2342,2402,2476,2499,2511,2534,2485,2423,2330,2155,1941,1757,1589,1485,1437,1392,1342,1290,1221,1120,1047,967,893,822,746,691,644,602,573,527,498,502,496,502,492,460,449,445,441,449,430,424,403,397,398,384,382,368,356,352,343
10,46,126,258,405,563,727,871,1039,1238,1382,1549,1689,1781,1851,1893,1880,1869,1875,1879,1952,1999,2080,2151,2155,2157,2131,2050,1996,1979,1958,1942,1950,1905,1882,1906,1889,1915,1888,1785,1636,1444,1261,1143,1059,963,853,730,618,535,483,443,408,364,336,293,244,201,145,97,64,35,16,4,0,0,0
10,32,90,205,367,566,788,1005,1199,1388,1558,1691,1814,1929,2052,2163,2331,2460,2546,2667,2723,2790,2854,2890,2936,2951,2921,2898,2840,2747,2652,2523,2340,2140,1915,1636,1353,1100,890,722,607,510,437,374,307,249,182,134,109,95,86,76,56,36,23,10,2,1,0,0,0,0,0,0,0,0,0
10,48,128,261,420,612,800,968,1163,1341,1496,1644,1787,1897,2011,2145,2287,2389,2486,2519,2471,2409,2330,2241,2181,2135,2067,2011,1943,1875,1837,1795,1747,1712,1643,1582,1467,1377,1304,1215,1190,1155,1095,1028,932,819,747,689,639,603,548,512,469,417,355,291,235,176,138,91,53,29,9,2,0,0,0
10,40,110,228,384,569,763,936,1116,1282,1462,1629,1757,1855,1934,1990,2066,2162,2212,2269,2278,2297,2357,2383,2392,2379,2340,2303,2320,2321,2273,2236,2143,1990,1840,1662,1475,1289,1099,975,871,817,777,730,687,646,627,578,538,502,461,450,428,408,370,328,293,258,232,202,170,135,108,77,55,40,27
10,52,135,286,484,698,946,1175,1393,1629,1846,2041,2223,2400,2532,2670,2781,2823,2850,2827,2807,2782,2762,2706,2622,2536,2427,2283,2147,1993,1819,1686,1528,1363,1209,1079,986,931,873,825,761,677,625,555,498,468,455,461,462,434,373,315,249,192,135,83,42,15,6,1,0,0,0,0,0,0,0
10,50,128,256,407,556,719,860,1018,1154,1315,1446,1561,1705,1775,1835,1890,1930,1998,2107,2210,2282,2310,2275,2201,2120,2050,1994,1938,1865,1784,1705,1637,1602,1571,1559,1542,1527,1470,1390,1320,1257,1216,1173,1117,1041,972,916,873,816,762,713,639,588,537,454,379,300,217,173,140,121,109,93,84,62,52
10,47,129,264,455,692,925,1166,1415,1640,1875,2071,2229,2375,2453,2548,2564,2508,2484,2405,2356,2341,2249,2197,2143,2063,2042,1955,1858,1758,1661,1613,1568,1546,1511,1451,1392,1309,1212,1129,1048,978,919,834,748,666,590,528,496,459,435,415,371,344,308,273,243,202,161,128,94,66,40,17,4,0,0
10,32,102,211,372,584,791,1004,1196,1380,1552,1737,1927,2112,2288,2442,2578,2685,2819,2908,2978,2947,2854,2735,2565,2465,2365,2312,2289,2265,2199,2108,1927,1719,1514,1308,1169,1063,974,884,833,753,688,621,547,502,469,426,376,316,261,221,181,147,110,76,46,24,8,1,0,0,0,0,0,0,0
10,43,130,261,440,662,880,1109,1319,1534,1715,1916,2099,2216,2338,2369,2418,2430,2445,2500,2495,2547,2597,2577,2556,2520,2437,2381,2316,2175,2033,1847,1641,1456,1287,1168,1081,1037,980,923,858,774,699,631,577,538,504,465,432,388,349,316,280,266,244,228,215,191,180,163,147,136,116,101,94,77,59
10,46,136,270,440,632,798,946,1058,1170,1275,1362,1465,1537,1584,1656,1708,1744,1799,1816,1830,1836,1837,1803,1776,1766,1755,1782,1838,1888,1908,1959,1965,1936,1933,1899,1837,1816,1773,1708,1635,1557,1447,1351,1280,1186,1119,1031,948,851,769,671,578,513,455,431,394,344,293,235,195,162,112,74,37,10,1
10,38,111,249,424,610,800,982,1147,1325,1486,1640,1796,1879,1964,1990,1992,2052,2116,2186,2260,2289,2276,2304,2293,2309,2321,2283,2298,2279,2294,2337,2383,2419,2407,2319,2164,1969,1742,1522,1291,1117,930,748,585,432,322,257,215,172,146,123,98,81,67,51,38,23,12,3,0,0,0,0,0,0,0
10,44,125,280,477,702,936,1116,1297,1460,1588,1751,1914,2069,2236,2369,2485,2596,2690,2774,2851,2894,2923,2968,2947,2814,2668,2468,2261,2161,2051,1943,1853,1733,1614,1496,1348,1225,1085,966,889,817,724,620,496,364,270,186,123,89,70,54,43,26,14,3,0,0,0,0,0,0,0,0,0,0,0
10,40,128,252,432,656,870,1115,1345,1537,1710,1851,1974,2094,2212,2364,2500,2616,2711,2759,2819,2851,2893,2881,2839,2775,2687,2567,2360,2172,1945,1774,1679,1559,1458,1345,1200,1082,965,827,728,641,576,544,502,468,416,377,342,306,279,246,207,166,129,86,56,31,15,6,1,0,0,0,0,0,0
10,38,112,260,439,647,879,1095,1324,1522,1714,1859,1993,2148,2289,2400,2473,2545,2544,2626,2658,2657,2681,2649,2612,2529,2453,2340,2260,2218,2142,2082,1974,1844,1714,1573,1450,1327,1191,1034,914,807,735,685,619,542,446,337,242,159,91,53,26,11,3,1,0,0,0,0,0,0,0,0,0,0,0
10,48,128,268,446,660,892,1078,1294,1464,1612,1764,1868,1960,2063,2120,2137,2123,2026,1916,1863,1813,1828,1892,1879,1869,1835,1776,1768,1816,1808,1805,1808,1768,1772,1808,1780,1730,1630,1474,1339,1201,1108,1020,918,835,769,722,697,669,612,550,484,423,378,346,316,279,257,225,207,195,172,154,128,104,84
10,47,137,280,477,707,924,1135,1359,1581,1828,2058,2244,2429,2559,2708,2825,2891,2992,3007,3062,3064,2995,2945,2819,2721,2638,2542,2451,2341,2198,2038,1827,1608,1371,1141,941,785,693,598,542,463,377,319,272,236,194,162,126,99,78,57,39,22,10,4,0,0,0,0,0,0,0,0,0,0,0
10,47,139,280,452,647,835,1028,1248,1457,1687,1875,2029,2140,2179,2195,2191,2187,2179,2188,2177,2157,2125,2119,2132,2142,2179,2176,2082,2006,1881,1740,1670,1551,1492,1406,1307,1234,1154,1102,1062,1011,937,886,849,818,766,697,595,533,487,449,439,396,349,314,285,270,260,248,236,225,211,189,159,124,105
10,47,144,285,469,660,838,1019,1210,1384,1532,1727,1863,2013,2162,2248,2370,2505,2666,2805,2859,2904,2882,2829,2837,2753,2698,2623,2487,2376,2219,2040,1857,1622,1395,1206,1035,941,846,754,659,552,473,408,378,355,343,336,323,315,290,268,242,228,215,200,186,172,161,145,130,108,89,75,69,55,41
10,46,133,270,449,641,818,980,1127,1286,1423,1577,1720,1839,1919,1973,2003,2024,2094,2105,2143,2176,2172,2209,2189,2163,2129,2035,1950,1828,1690,1585,1473,1362,1286,1219,1195,1175,1161,1134,1088,1050,991,940,887,846,826,806,797,771,746,730,680,643,610,578,560,533,499,445,398,372,323,292,257,210,165
10,45,119,251,421,622,838,1048,1263,1470,1640,1797,1928,1991,2057,2082,2112,2180,2200,2255,2279,2295,2327,2300,2265,2176,2085,1988,1905,1866,1812,1790,1748,1692,1616,1530,1412,1278,1153,1031,925,870,824,784,747,676,635,576,545,507,460,430,394,366,355,341,328,322,306,290,267,254,236,213,200,195,193
10,45,133,262,451,674,892,1108,1312,1509,1695,1916,2106,2273,2418,2524,2642,2775,2859,2972,2986,2937,2897,2799,2764,2676,2536,2359,2138,2012,1911,1806,1705,1551,1415,1278,1140,1014,899,772,682,570,472,413,341,307,280,251,246,243,223,215,194,169,154,145,133,120,119,102,91,82,68,61,50,35,23
10,42,117,256,440,651,871,1075,1278,1474,1668,1821,1918,1967,1984,1982,2003,2047,2102,2190,2268,2278,2269,2203,2107,1992,1879,1783,1693,1649,1599,1557,1512,1460,1414,1337,1290,1265,1219,1205,1155,1084,974,853,739,649,582,538,511,479,458,458,446,442,446,441,433,423,408,377,365,337,332,316,296,288,275
10,39,109,238,415,617,815,997,1157,1315,1484,1658,1815,1995,2146,2265,2381,2437,2464,2466,2483,2472,2478,2446,2399,2351,2273,2222,2129,2045,1973,1904,1850,1785,1728,1665,1564,1449,1316,1189,1089,999,897,789,694,620,573,545,521,498,451,402,349,277,237,186,134,94,50,22,4,1,0,0,0,0,0
10,46,126,249,424,622,809,967,1106,1208,1321,1445,1516,1589,1644,1730,1837,1949,2032,2085,2140,2189,2257,2312,2355,2405,2444,2455,2482,2484,2395,2311,2166,2018,1927,1792,1692,1564,1441,1378,1281,1199,1104,989,897,809,741,683,618,559,480,386,307,231,191,157,132,108,74,54,30,14,8,1,1,0,0
10,41,110,226,378,560,744,907,1060,1190,1316,1463,1599,1728,1841,1944,2050,2137,2207,2273,2313,2331,2332,2298,2263,2216,2165,2073,2019,1953,1876,1813,1715,1650,1612,1569,1502,1427,1342,1260,1196,1161,1105,1047,967,872,794,724,641,542,456,381,351,329,308,307,280,282,278,271,277,264,258,246,229,208,178
10,47,126,252,427,611,797,978,1132,1276,1351,1411,1457,1469,1554,1572,1586,1626,1619,1655,1704,1745,1785,1856,1907,1971,2036,2082,2122,2139,2171,2169,2155,2111,2021,1896,1759,1608,1477,1359,1247,1174,1073,981,904,815,754,708,671,627,578,527,473,433,401,383,362,343,333,325,318,315,305,293,279,263,253
10,42,123,242,407,582,762,933,1071,1210,1346,1475,1606,1744,1865,1982,2085,2130,2146,2167,2182,2241,2253,2238,2178,2098,2048,2010,1994,1942,1889,1813,1722,1640,1573,1523,1483,1447,1372,1295,1243,1198,1174,1133,1068,993,908,829,771,707,662,624,560,511,455,381,324,272,220,189,171,145,129,113,96,82,66
10,33,94,227,389,602,828,1020,1223,1407,1568,1729,1857,1979,2103,2152,2237,2281,2298,2376,2365,2364,2358,2333,2341,2299,2269,2254,2175,2117,1999,1859,1735,1629,1555,1461,1411,1360,1327,1274,1210,1131,1007,897,783,680,601,531,486,434,390,362,323,313,290,266,244,204,178,158,135,116,102,85,68,45,27
10,47,128,264,445,672,888,1125,1381,1571,1792,1950,2070,2204,2279,2345,2364,2431,2501,2547,2626,2659,2683,2763,2784,2785,2806,2770,2781,2729,2561,2363,2053,1753,1524,1285,1150,1022,933,902,846,805,719,583,437,297,173,96,47,19,7,1,0,0,0,0,0,0,0,0,0,0,0,0,0,0,0
