0,1,2,3,4,5,6,7,8,9,10,11,12,13,14,15,16,17,18,19,20,21,22,23,24,25,26,27,28,29,30,31,32,33,34,35,36,37,38,39,40,41,42,43,44,45,46,47,48,49,50,51,52,53,54,55,56,57,58,59,60,61,62,63,64,65,66,67,68,69,70,71,72,73,74,75,76
11438,11435,11435,11434,11434,11433,11433,11433,11433,11433,11433,11433,11433,11433,11433,11433,11433,11433,11433,11433,11433,11433,11433,11433,11433,11433,11433,11433,11433,11433,11433,11433,11433,11433,11433,11433,11433,11433,11433,11433,11433,11433,11433,11433,11433,11433,11433,11433,11433,11433,11433,11433,11433,11433,11433,11433,11433,11433,11433,11433,11433,11433,11433,11433,11433,11433,11433,11433,11433,11433,11433,11433,11433,11433,11433,11433,11433
11438,11435,11433,11433,11433,11433,11433,11433,11433,11433,11433,11433,11433,11433,11433,11433,11433,11433,11433,11433,11433,11433,11433,11433,11433,11433,11433,11433,11433,11433,11433,11433,11433,11433,11433,11433,11433,11433,11433,11433,11433,11433,11433,11433,11433,11433,11433,11433,11433,11433,11433,11433,11433,11433,11433,11433,11433,11433,11433,11433,11433,11433,11433,11433,11433,11433,11433,11433,11433,11433,11433,11433,11433,11433,11433,11433,11433
11438,11438,11436,11433,11433,11433,11432,11432,11432,11432,11432,11432,11432,11432,11432,11432,11432,11432,11432,11432,11432,11432,11432,11432,11432,11432,11432,11432,11432,11432,11432,11432,11432,11432,11432,11432,11432,11432,11432,11432,11432,11432,11432,11432,11432,11432,11432,11432,11432,11432,11432,11432,11432,11432,11432,11432,11432,11432,11432,11432,11432,11432,11432,11432,11432,11432,11432,11432,11432,11432,11432,11432,11432,11432,11432,11432,11432
11438,11437,11436,11436,11436,11435,11435,11435,11435,11435,11435,11435,11435,11435,11435,11435,11435,11435,11435,11435,11435,11435,11435,11435,11435,11435,11435,11435,11435,11435,11435,11435,11435,11435,11435,11435,11435,11435,11435,11435,11435,11435,11435,11435,11435,11435,11435,11435,11435,11435,11435,11435,11435,11435,11435,11435,11435,11435,11435,11435,11435,11435,11435,11435,11435,11435,11435,11435,11435,11435,11435,11435,11435,11435,11435,11435,11435
11438,11438,11436,11435,11434,11434,11434,11434,11434,11434,11434,11434,11434,11434,11434,11434,11434,11434,11434,11434,11434,11434,11434,11434,11434,11434,11434,11434,11434,11434,11434,11434,11434,11434,11434,11434,11434,11434,11434,11434,11434,11434,11434,11434,11434,11434,11434,11434,11434,11434,11434,11434,11434,11434,11434,11434,11434,11434,11434,11434,11434,11434,11434,11434,11434,11434,11434,11434,11434,11434,11434,11434,11434,11434,11434,11434,11434
11438,11436,11435,11434,11434,11434,11434,11434,11434,11434,11434,11434,11434,11434,11434,11434,11434,11434,11434,11434,11434,11434,11434,11434,11434,11434,11434,11434,11434,11434,11434,11434,11434,11434,11434,11434,11434,11434,11434,11434,11434,11434,11434,11434,11434,11434,11434,11434,11434,11434,11434,11434,11434,11434,11434,11434,11434,11434,11434,11434,11434,11434,11434,11434,11434,11434,11434,11434,11434,11434,11434,11434,11434,11434,11434,11434,11434
11438,11437,11434,11432,11432,11432,11431,11431,11431,11431,11431,11431,11431,11431,11431,11431,11431,11431,11431,11431,11431,11431,11431,11431,11431,11431,11431,11431,11431,11431,11431,11431,11431,11431,11431,11431,11431,11431,11431,11431,11431,11431,11431,11431,11431,11431,11431,11431,11431,11431,11431,11431,11431,11431,11431,11431,11431,11431,11431,11431,11431,11431,11431,11431,11431,11431,11431,11431,11431,11431,11431,11431,11431,11431,11431,11431,11431
11438,11436,11434,11433,11433,11433,11433,11433,11433,11433,11433,11433,11433,11433,11433,11433,11433,11433,11433,11433,11433,11433,11433,11433,11433,11433,11433,11433,11433,11433,11433,11433,11433,11433,11433,11433,11433,11433,11433,11433,11433,11433,11433,11433,11433,11433,11433,11433,11433,11433,11433,11433,11433,11433,11433,11433,11433,11433,11433,11433,11433,11433,11433,11433,11433,11433,11433,11433,11433,11433,11433,11433,11433,11433,11433,11433,11433
11438,11438,11437,11435,11435,11435,11435,11435,11435,11435,11435,11435,11435,11435,11435,11435,11435,11435,11435,11435,11435,11435,11435,11435,11435,11435,11435,11435,11435,11435,11435,11435,11435,11435,11435,11435,11435,11435,11435,11435,11435,11435,11435,11435,11435,11435,11435,11435,11435,11435,11435,11435,11435,11435,11435,11435,11435,11435,11435,11435,11435,11435,11435,11435,11435,11435,11435,11435,11435,11435,11435,11435,11435,11435,11435,11435,11435
11438,11436,11435,11433,11433,11433,11433,11433,11433,11433,11433,11433,11433,11433,11433,11433,11433,11433,11433,11433,11433,11433,11433,11433,11433,11433,11433,11433,11433,11433,11433,11433,11433,11433,11433,11433,11433,11433,11433,11433,11433,11433,11433,11433,11433,11433,11433,11433,11433,11433,11433,11433,11433,11433,11433,11433,11433,11433,11433,11433,11433,11433,11433,11433,11433,11433,11433,11433,11433,11433,11433,11433,11433,11433,11433,11433,11433
11438,11438,11436,11434,11434,11433,11433,11433,11433,11433,11433,11433,11433,11433,11433,11433,11433,11433,11433,11433,11433,11433,11433,11433,11433,11433,11433,11433,11433,11433,11433,11433,11433,11433,11433,11433,11433,11433,11433,11433,11433,11433,11433,11433,11433,11433,11433,11433,11433,11433,11433,11433,11433,11433,11433,11433,11433,11433,11433,11433,11433,11433,11433,11433,11433,11433,11433,11433,11433,11433,11433,11433,11433,11433,11433,11433,11433
11438,11436,11435,11431,11431,11429,11429,11429,11429,11429,11429,11429,11429,11429,11429,11429,11429,11429,11429,11429,11429,11429,11429,11429,11429,11429,11429,11429,11429,11429,11429,11429,11429,11429,11429,11429,11429,11429,11429,11429,11429,11429,11429,11429,11429,11429,11429,11429,11429,11429,11429,11429,11429,11429,11429,11429,11429,11429,11429,11429,11429,11429,11429,11429,11429,11429,11429,11429,11429,11429,11429,11429,11429,11429,11429,11429,11429
11438,11435,11432,11431,11431,11430,11430,11430,11430,11430,11430,11430,11430,11430,11430,11430,11430,11430,11430,11430,11430,11430,11430,11430,11430,11430,11430,11430,11430,11430,11430,11430,11430,11430,11430,11430,11430,11430,11430,11430,11430,11430,11430,11430,11430,11430,11430,11430,11430,11430,11430,11430,11430,11430,11430,11430,11430,11430,11430,11430,11430,11430,11430,11430,11430,11430,11430,11430,11430,11430,11430,11430,11430,11430,11430,11430,11430
11438,11438,11437,11437,11437,11437,11437,11437,11437,11437,11437,11437,11437,11437,11437,11437,11437,11437,11437,11437,11437,11437,11437,11437,11437,11437,11437,11437,11437,11437,11437,11437,11437,11437,11437,11437,11437,11437,11437,11437,11437,11437,11437,11437,11437,11437,11437,11437,11437,11437,11437,11437,11437,11437,11437,11437,11437,11437,11437,11437,11437,11437,11437,11437,11437,11437,11437,11437,11437,11437,11437,11437,11437,11437,11437,11437,11437
11438,11436,11435,11434,11432,11432,11432,11431,11431,11430,11429,11428,11428,11428,11427,11427,11427,11426,11426,11426,11426,11426,11426,11426,11426,11426,11426,11426,11426,11426,11426,11426,11426,11426,11426,11426,11426,11426,11426,11426,11426,11426,11426,11426,11426,11426,11426,11426,11426,11426,11426,11426,11426,11426,11426,11426,11426,11426,11426,11426,11426,11426,11426,11426,11426,11426,11426,11426,11426,11426,11426,11426,11426,11426,11426,11426,11426
11438,11436,11436,11435,11434,11434,11434,11434,11434,11434,11434,11434,11434,11434,11434,11434,11434,11434,11434,11434,11434,11434,11434,11434,11434,11434,11434,11434,11434,11434,11434,11434,11434,11434,11434,11434,11434,11434,11434,11434,11434,11434,11434,11434,11434,11434,11434,11434,11434,11434,11434,11434,11434,11434,11434,11434,11434,11434,11434,11434,11434,11434,11434,11434,11434,11434,11434,11434,11434,11434,11434,11434,11434,11434,11434,11434,11434
11438,11437,11437,11435,11434,11433,11433,11433,11433,11433,11433,11433,11433,11433,11433,11433,11433,11433,11433,11433,11433,11433,11433,11433,11433,11433,11433,11433,11433,11433,11433,11433,11433,11433,11433,11433,11433,11433,11433,11433,11433,11433,11433,11433,11433,11433,11433,11433,11433,11433,11433,11433,11433,11433,11433,11433,11433,11433,11433,11433,11433,11433,11433,11433,11433,11433,11433,11433,11433,11433,11433,11433,11433,11433,11433,11433,11433
11438,11438,11438,11435,11435,11434,11434,11434,11434,11434,11434,11434,11434,11434,11434,11434,11434,11434,11434,11434,11434,11434,11434,11434,11434,11434,11434,11434,11434,11434,11434,11434,11434,11434,11434,11434,11434,11434,11434,11434,11434,11434,11434,11434,11434,11434,11434,11434,11434,11434,11434,11434,11434,11434,11434,11434,11434,11434,11434,11434,11434,11434,11434,11434,11434,11434,11434,11434,11434,11434,11434,11434,11434,11434,11434,11434,11434
11438,11438,11438,11437,11437,11437,11436,11436,11435,11435,11435,11435,11435,11435,11435,11435,11435,11435,11435,11435,11435,11435,11435,11435,11435,11435,11435,11435,11435,11435,11435,11435,11435,11435,11435,11435,11435,11435,11435,11435,11435,11435,11435,11435,11435,11435,11435,11435,11435,11435,11435,11435,11435,11435,11435,11435,11435,11435,11435,11435,11435,11435,11435,11435,11435,11435,11435,11435,11435,11435,11435,11435,11435,11435,11435,11435,11435
11438,11437,11436,11435,11435,11435,11435,11435,11435,11435,11435,11435,11435,11435,11435,11435,11435,11435,11435,11435,11435,11435,11435,11435,11435,11435,11435,11435,11435,11435,11435,11435,11435,11435,11435,11435,11435,11435,11435,11435,11435,11435,11435,11435,11435,11435,11435,11435,11435,11435,11435,11435,11435,11435,11435,11435,11435,11435,11435,11435,11435,11435,11435,11435,11435,11435,11435,11435,11435,11435,11435,11435,11435,11435,11435,11435,11435
11438,11438,11436,11436,11436,11436,11436,11436,11436,11436,11436,11436,11436,11436,11436,11436,11436,11436,11436,11436,11436,11436,11436,11436,11436,11436,11436,11436,11436,11436,11436,11436,11436,11436,11436,11436,11436,11436,11436,11436,11436,11436,11436,11436,11436,11436,11436,11436,11436,11436,11436,11436,11436,11436,11436,11436,11436,11436,11436,11436,11436,11436,11436,11436,11436,11436,11436,11436,11436,11436,11436,11436,11436,11436,11436,11436,11436
11438,11438,11437,11437,11437,11437,11437,11437,11437,11437,11437,11437,11437,11437,11437,11437,11437,11437,11437,11437,11437,11437,11437,11437,11437,11437,11437,11437,11437,11437,11437,11437,11437,11437,11437,11437,11437,11437,11437,11437,11437,11437,11437,11437,11437,11437,11437,11437,11437,11437,11437,11437,11437,11437,11437,11437,11437,11437,11437,11437,11437,11437,11437,11437,11437,11437,11437,11437,11437,11437,11437,11437,11437,11437,11437,11437,11437
11438,11437,11435,11432,11432,11432,11432,11432,11432,11432,11432,11432,11432,11432,11432,11432,11432,11432,11432,11432,11432,11432,11432,11432,11432,11432,11432,11432,11432,11432,11432,11432,11432,11432,11432,11432,11432,11432,11432,11432,11432,11432,11432,11432,11432,11432,11432,11432,11432,11432,11432,11432,11432,11432,11432,11432,11432,11432,11432,11432,11432,11432,11432,11432,11432,11432,11432,11432,11432,11432,11432,11432,11432,11432,11432,11432,11432
11438,11437,11437,11437,11437,11437,11437,11437,11437,11437,11437,11437,11437,11437,11437,11437,11437,11437,11437,11437,11437,11437,11437,11437,11437,11437,11437,11437,11437,11437,11437,11437,11437,11437,11437,11437,11437,11437,11437,11437,11437,11437,11437,11437,11437,11437,11437,11437,11437,11437,11437,11437,11437,11437,11437,11437,11437,11437,11437,11437,11437,11437,11437,11437,11437,11437,11437,11437,11437,11437,11437,11437,11437,11437,11437,11437,11437
11438,11438,11437,11435,11435,11435,11435,11435,11435,11435,11435,11435,11435,11435,11435,11435,11435,11435,11435,11435,11435,11435,11435,11435,11435,11435,11435,11435,11435,11435,11435,11435,11435,11435,11435,11435,11435,11435,11435,11435,11435,11435,11435,11435,11435,11435,11435,11435,11435,11435,11435,11435,11435,11435,11435,11435,11435,11435,11435,11435,11435,11435,11435,11435,11435,11435,11435,11435,11435,11435,11435,11435,11435,11435,11435,11435,11435
11438,11436,11435,11435,11435,11435,11435,11435,11435,11435,11435,11435,11435,11435,11435,11435,11435,11435,11435,11435,11435,11435,11435,11435,11435,11435,11435,11435,11435,11435,11435,11435,11435,11435,11435,11435,11435,11435,11435,11435,11435,11435,11435,11435,11435,11435,11435,11435,11435,11435,11435,11435,11435,11435,11435,11435,11435,11435,11435,11435,11435,11435,11435,11435,11435,11435,11435,11435,11435,11435,11435,11435,11435,11435,11435,11435,11435
11438,11437,11436,11436,11436,11436,11436,11436,11436,11436,11436,11436,11436,11436,11436,11436,11436,11436,11436,11436,11436,11436,11436,11436,11436,11436,11436,11436,11436,11436,11436,11436,11436,11436,11436,11436,11436,11436,11436,11436,11436,11436,11436,11436,11436,11436,11436,11436,11436,11436,11436,11436,11436,11436,11436,11436,11436,11436,11436,11436,11436,11436,11436,11436,11436,11436,11436,11436,11436,11436,11436,11436,11436,11436,11436,11436,11436
11438,11435,11435,11434,11434,11434,11434,11434,11434,11434,11434,11434,11434,11434,11434,11434,11434,11434,11434,11434,11434,11434,11434,11434,11434,11434,11434,11434,11434,11434,11434,11434,11434,11434,11434,11434,11434,11434,11434,11434,11434,11434,11434,11434,11434,11434,11434,11434,11434,11434,11434,11434,11434,11434,11434,11434,11434,11434,11434,11434,11434,11434,11434,11434,11434,11434,11434,11434,11434,11434,11434,11434,11434,11434,11434,11434,11434
11438,11437,11437,11435,11434,11434,11434,11434,11434,11434,11434,11434,11434,11434,11434,11434,11434,11434,11434,11434,11434,11434,11434,11434,11434,11434,11434,11434,11434,11434,11434,11434,11434,11434,11434,11434,11434,11434,11434,11434,11434,11434,11434,11434,11434,11434,11434,11434,11434,11434,11434,11434,11434,11434,11434,11434,11434,11434,11434,11434,11434,11434,11434,11434,11434,11434,11434,11434,11434,11434,11434,11434,11434,11434,11434,11434,11434
11438,11438,11437,11436,11436,11436,11436,11436,11436,11436,11436,11436,11436,11436,11436,11436,11436,11436,11436,11436,11436,11436,11436,11436,11436,11436,11436,11436,11436,11436,11436,11436,11436,11436,11436,11436,11436,11436,11436,11436,11436,11436,11436,11436,11436,11436,11436,11436,11436,11436,11436,11436,11436,11436,11436,11436,11436,11436,11436,11436,11436,11436,11436,11436,11436,11436,11436,11436,11436,11436,11436,11436,11436,11436,11436,11436,11436
11438,11436,11434,11433,11433,11433,11433,11433,11433,11433,11433,11433,11433,11433,11433,11433,11433,11433,11433,11433,11433,11433,11433,11433,11433,11433,11433,11433,11433,11433,11433,11433,11433,11433,11433,11433,11433,11433,11433,11433,11433,11433,11433,11433,11433,11433,11433,11433,11433,11433,11433,11433,11433,11433,11433,11433,11433,11433,11433,11433,11433,11433,11433,11433,11433,11433,11433,11433,11433,11433,11433,11433,11433,11433,11433,11433,11433
11438,11436,11435,11433,11433,11432,11431,11431,11431,11431,11431,11431,11431,11431,11431,11431,11431,11431,11431,11431,11431,11431,11431,11431,11431,11431,11431,11431,11431,11431,11431,11431,11431,11431,11431,11431,11431,11431,11431,11431,11431,11431,11431,11431,11431,11431,11431,11431,11431,11431,11431,11431,11431,11431,11431,11431,11431,11431,11431,11431,11431,11431,11431,11431,11431,11431,11431,11431,11431,11431,11431,11431,11431,11431,11431,11431,11431
11438,11437,11432,11430,11428,11426,11425,11425,11424,11424,11424,11424,11424,11424,11424,11424,11424,11424,11424,11424,11424,11424,11424,11424,11424,11424,11424,11424,11424,11424,11424,11424,11424,11424,11424,11424,11424,11424,11424,11424,11424,11424,11424,11424,11424,11424,11424,11424,11424,11424,11424,11424,11424,11424,11424,11424,11424,11424,11424,11424,11424,11424,11424,11424,11424,11424,11424,11424,11424,11424,11424,11424,11424,11424,11424,11424,11424
11438,11437,11437,11436,11436,11436,11436,11436,11436,11436,11436,11436,11436,11436,11436,11436,11436,11436,11436,11436,11436,11436,11436,11436,11436,11436,11436,11436,11436,11436,11436,11436,11436,11436,11436,11436,11436,11436,11436,11436,11436,11436,11436,11436,11436,11436,11436,11436,11436,11436,11436,11436,11436,11436,11436,11436,11436,11436,11436,11436,11436,11436,11436,11436,11436,11436,11436,11436,11436,11436,11436,11436,11436,11436,11436,11436,11436
11438,11438,11437,11437,11437,11437,11437,11437,11437,11437,11437,11437,11437,11437,11437,11437,11437,11437,11437,11437,11437,11437,11437,11437,11437,11437,11437,11437,11437,11437,11437,11437,11437,11437,11437,11437,11437,11437,11437,11437,11437,11437,11437,11437,11437,11437,11437,11437,11437,11437,11437,11437,11437,11437,11437,11437,11437,11437,11437,11437,11437,11437,11437,11437,11437,11437,11437,11437,11437,11437,11437,11437,11437,11437,11437,11437,11437
11438,11438,11435,11435,11435,11435,11435,11435,11435,11435,11435,11435,11435,11435,11435,11435,11435,11435,11435,11435,11435,11435,11435,11435,11435,11435,11435,11435,11435,11435,11435,11435,11435,11435,11435,11435,11435,11435,11435,11435,11435,11435,11435,11435,11435,11435,11435,11435,11435,11435,11435,11435,11435,11435,11435,11435,11435,11435,11435,11435,11435,11435,11435,11435,11435,11435,11435,11435,11435,11435,11435,11435,11435,11435,11435,11435,11435
11438,11432,11431,11430,11429,11429,11429,11429,11429,11429,11429,11429,11429,11429,11429,11429,11429,11429,11429,11429,11429,11429,11429,11429,11429,11429,11429,11429,11429,11429,11429,11429,11429,11429,11429,11429,11429,11429,11429,11429,11429,11429,11429,11429,11429,11429,11429,11429,11429,11429,11429,11429,11429,11429,11429,11429,11429,11429,11429,11429,11429,11429,11429,11429,11429,11429,11429,11429,11429,11429,11429,11429,11429,11429,11429,11429,11429
11438,11438,11435,11430,11430,11427,11426,11426,11425,11424,11424,11424,11424,11424,11424,11424,11424,11424,11424,11424,11424,11424,11424,11424,11424,11424,11424,11424,11424,11424,11424,11424,11424,11424,11424,11424,11424,11424,11424,11424,11424,11424,11424,11424,11424,11424,11424,11424,11424,11424,11424,11424,11424,11424,11424,11424,11424,11424,11424,11424,11424,11424,11424,11424,11424,11424,11424,11424,11424,11424,11424,11424,11424,11424,11424,11424,11424
11438,11437,11436,11436,11436,11436,11436,11436,11436,11436,11436,11436,11436,11436,11436,11436,11436,11436,11436,11436,11436,11436,11436,11436,11436,11436,11436,11436,11436,11436,11436,11436,11436,11436,11436,11436,11436,11436,11436,11436,11436,11436,11436,11436,11436,11436,11436,11436,11436,11436,11436,11436,11436,11436,11436,11436,11436,11436,11436,11436,11436,11436,11436,11436,11436,11436,11436,11436,11436,11436,11436,11436,11436,11436,11436,11436,11436
11438,11437,11435,11434,11434,11434,11434,11434,11434,11434,11434,11434,11434,11434,11434,11434,11434,11434,11434,11434,11434,11434,11434,11434,11434,11434,11434,11434,11434,11434,11434,11434,11434,11434,11434,11434,11434,11434,11434,11434,11434,11434,11434,11434,11434,11434,11434,11434,11434,11434,11434,11434,11434,11434,11434,11434,11434,11434,11434,11434,11434,11434,11434,11434,11434,11434,11434,11434,11434,11434,11434,11434,11434,11434,11434,11434,11434
11438,11435,11433,11433,11433,11432,11432,11432,11432,11432,11432,11432,11432,11432,11432,11432,11432,11432,11432,11432,11432,11432,11432,11432,11432,11432,11432,11432,11432,11432,11432,11432,11432,11432,11432,11432,11432,11432,11432,11432,11432,11432,11432,11432,11432,11432,11432,11432,11432,11432,11432,11432,11432,11432,11432,11432,11432,11432,11432,11432,11432,11432,11432,11432,11432,11432,11432,11432,11432,11432,11432,11432,11432,11432,11432,11432,11432
11438,11437,11436,11435,11435,11435,11435,11435,11435,11435,11435,11435,11435,11435,11435,11435,11435,11435,11435,11435,11435,11435,11435,11435,11435,11435,11435,11435,11435,11435,11435,11435,11435,11435,11435,11435,11435,11435,11435,11435,11435,11435,11435,11435,11435,11435,11435,11435,11435,11435,11435,11435,11435,11435,11435,11435,11435,11435,11435,11435,11435,11435,11435,11435,11435,11435,11435,11435,11435,11435,11435,11435,11435,11435,11435,11435,11435
11438,11436,11431,11430,11430,11430,11430,11430,11430,11430,11430,11430,11430,11430,11430,11430,11430,11430,11430,11430,11430,11430,11430,11430,11430,11430,11430,11430,11430,11430,11430,11430,11430,11430,11430,11430,11430,11430,11430,11430,11430,11430,11430,11430,11430,11430,11430,11430,11430,11430,11430,11430,11430,11430,11430,11430,11430,11430,11430,11430,11430,11430,11430,11430,11430,11430,11430,11430,11430,11430,11430,11430,11430,11430,11430,11430,11430
11438,11438,11437,11436,11436,11436,11436,11436,11436,11436,11436,11436,11436,11436,11436,11436,11436,11436,11436,11436,11436,11436,11436,11436,11436,11436,11436,11436,11436,11436,11436,11436,11436,11436,11436,11436,11436,11436,11436,11436,11436,11436,11436,11436,11436,11436,11436,11436,11436,11436,11436,11436,11436,11436,11436,11436,11436,11436,11436,11436,11436,11436,11436,11436,11436,11436,11436,11436,11436,11436,11436,11436,11436,11436,11436,11436,11436
11438,11437,11436,11435,11435,11435,11435,11435,11435,11435,11435,11435,11435,11435,11435,11435,11435,11435,11435,11435,11435,11435,11435,11435,11435,11435,11435,11435,11435,11435,11435,11435,11435,11435,11435,11435,11435,11435,11435,11435,11435,11435,11435,11435,11435,11435,11435,11435,11435,11435,11435,11435,11435,11435,11435,11435,11435,11435,11435,11435,11435,11435,11435,11435,11435,11435,11435,11435,11435,11435,11435,11435,11435,11435,11435,11435,11435
11438,11437,11437,11437,11437,11437,11437,11437,11437,11437,11437,11437,11437,11437,11437,11437,11437,11437,11437,11437,11437,11437,11437,11437,11437,11437,11437,11437,11437,11437,11437,11437,11437,11437,11437,11437,11437,11437,11437,11437,11437,11437,11437,11437,11437,11437,11437,11437,11437,11437,11437,11437,11437,11437,11437,11437,11437,11437,11437,11437,11437,11437,11437,11437,11437,11437,11437,11437,11437,11437,11437,11437,11437,11437,11437,11437,11437
11438,11437,11436,11435,11435,11435,11435,11435,11435,11435,11435,11435,11435,11435,11435,11435,11435,11435,11435,11435,11435,11435,11435,11435,11435,11435,11435,11435,11435,11435,11435,11435,11435,11435,11435,11435,11435,11435,11435,11435,11435,11435,11435,11435,11435,11435,11435,11435,11435,11435,11435,11435,11435,11435,11435,11435,11435,11435,11435,11435,11435,11435,11435,11435,11435,11435,11435,11435,11435,11435,11435,11435,11435,11435,11435,11435,11435
11438,11437,11437,11436,11436,11436,11436,11436,11436,11436,11436,11436,11436,11436,11436,11436,11436,11436,11436,11436,11436,11436,11436,11436,11436,11436,11436,11436,11436,11436,11436,11436,11436,11436,11436,11436,11436,11436,11436,11436,11436,11436,11436,11436,11436,11436,11436,11436,11436,11436,11436,11436,11436,11436,11436,11436,11436,11436,11436,11436,11436,11436,11436,11436,11436,11436,11436,11436,11436,11436,11436,11436,11436,11436,11436,11436,11436
11438,11435,11433,11431,11429,11428,11427,11427,11427,11426,11426,11426,11426,11426,11426,11426,11426,11426,11426,11426,11426,11426,11426,11426,11426,11426,11426,11426,11426,11426,11426,11426,11426,11426,11426,11426,11426,11426,11426,11426,11426,11426,11426,11426,11426,11426,11426,11426,11426,11426,11426,11426,11426,11426,11426,11426,11426,11426,11426,11426,11426,11426,11426,11426,11426,11426,11426,11426,11426,11426,11426,11426,11426,11426,11426,11426,11426
11438,11435,11433,11431,11430,11430,11430,11430,11430,11430,11430,11430,11430,11430,11430,11430,11430,11430,11430,11430,11430,11430,11430,11430,11430,11430,11430,11430,11430,11430,11430,11430,11430,11430,11430,11430,11430,11430,11430,11430,11430,11430,11430,11430,11430,11430,11430,11430,11430,11430,11430,11430,11430,11430,11430,11430,11430,11430,11430,11430,11430,11430,11430,11430,11430,11430,11430,11430,11430,11430,11430,11430,11430,11430,11430,11430,11430
11438,11436,11436,11434,11434,11434,11434,11434,11434,11434,11434,11434,11434,11434,11434,11434,11434,11434,11434,11434,11434,11434,11434,11434,11434,11434,11434,11434,11434,11434,11434,11434,11434,11434,11434,11434,11434,11434,11434,11434,11434,11434,11434,11434,11434,11434,11434,11434,11434,11434,11434,11434,11434,11434,11434,11434,11434,11434,11434,11434,11434,11434,11434,11434,11434,11434,11434,11434,11434,11434,11434,11434,11434,11434,11434,11434,11434
11438,11438,11438,11435,11435,11434,11434,11434,11434,11434,11434,11434,11434,11434,11434,11434,11434,11434,11434,11434,11434,11434,11434,11434,11434,11434,11434,11434,11434,11434,11434,11434,11434,11434,11434,11434,11434,11434,11434,11434,11434,11434,11434,11434,11434,11434,11434,11434,11434,11434,11434,11434,11434,11434,11434,11434,11434,11434,11434,11434,11434,11434,11434,11434,11434,11434,11434,11434,11434,11434,11434,11434,11434,11434,11434,11434,11434
11438,11435,11432,11430,11430,11429,11429,11429,11429,11429,11429,11429,11429,11429,11429,11429,11429,11429,11429,11429,11429,11429,11429,11429,11429,11429,11429,11429,11429,11429,11429,11429,11429,11429,11429,11429,11429,11429,11429,11429,11429,11429,11429,11429,11429,11429,11429,11429,11429,11429,11429,11429,11429,11429,11429,11429,11429,11429,11429,11429,11429,11429,11429,11429,11429,11429,11429,11429,11429,11429,11429,11429,11429,11429,11429,11429,11429
11438,11436,11435,11434,11434,11434,11434,11434,11434,11434,11434,11434,11434,11434,11434,11434,11434,11434,11434,11434,11434,11434,11434,11434,11434,11434,11434,11434,11434,11434,11434,11434,11434,11434,11434,11434,11434,11434,11434,11434,11434,11434,11434,11434,11434,11434,11434,11434,11434,11434,11434,11434,11434,11434,11434,11434,11434,11434,11434,11434,11434,11434,11434,11434,11434,11434,11434,11434,11434,11434,11434,11434,11434,11434,11434,11434,11434
11439,11436,11433,11432,11431,11431,11431,11431,11431,11431,11431,11431,11431,11431,11431,11431,11431,11431,11431,11431,11431,11431,11431,11431,11431,11431,11431,11431,11431,11431,11431,11431,11431,11431,11431,11431,11431,11431,11431,11431,11431,11431,11431,11431,11431,11431,11431,11431,11431,11431,11431,11431,11431,11431,11431,11431,11431,11431,11431,11431,11431,11431,11431,11431,11431,11431,11431,11431,11431,11431,11431,11431,11431,11431,11431,11431,11431
11438,11437,11435,11434,11434,11434,11434,11434,11434,11434,11434,11434,11434,11434,11434,11434,11434,11434,11434,11434,11434,11434,11434,11434,11434,11434,11434,11434,11434,11434,11434,11434,11434,11434,11434,11434,11434,11434,11434,11434,11434,11434,11434,11434,11434,11434,11434,11434,11434,11434,11434,11434,11434,11434,11434,11434,11434,11434,11434,11434,11434,11434,11434,11434,11434,11434,11434,11434,11434,11434,11434,11434,11434,11434,11434,11434,11434
11438,11437,11436,11436,11436,11436,11436,11436,11436,11436,11436,11436,11436,11436,11436,11436,11436,11436,11436,11436,11436,11436,11436,11436,11436,11436,11436,11436,11436,11436,11436,11436,11436,11436,11436,11436,11436,11436,11436,11436,11436,11436,11436,11436,11436,11436,11436,11436,11436,11436,11436,11436,11436,11436,11436,11436,11436,11436,11436,11436,11436,11436,11436,11436,11436,11436,11436,11436,11436,11436,11436,11436,11436,11436,11436,11436,11436
11438,11438,11438,11436,11436,11436,11436,11436,11436,11436,11436,11436,11436,11436,11436,11436,11436,11436,11436,11436,11436,11436,11436,11436,11436,11436,11436,11436,11436,11436,11436,11436,11436,11436,11436,11436,11436,11436,11436,11436,11436,11436,11436,11436,11436,11436,11436,11436,11436,11436,11436,11436,11436,11436,11436,11436,11436,11436,11436,11436,11436,11436,11436,11436,11436,11436,11436,11436,11436,11436,11436,11436,11436,11436,11436,11436,11436
11438,11438,11437,11435,11435,11435,11435,11435,11435,11435,11435,11435,11435,11435,11435,11435,11435,11435,11435,11435,11435,11435,11435,11435,11435,11435,11435,11435,11435,11435,11435,11435,11435,11435,11435,11435,11435,11435,11435,11435,11435,11435,11435,11435,11435,11435,11435,11435,11435,11435,11435,11435,11435,11435,11435,11435,11435,11435,11435,11435,11435,11435,11435,11435,11435,11435,11435,11435,11435,11435,11435,11435,11435,11435,11435,11435,11435
11438,11438,11436,11434,11433,11432,11432,11432,11432,11432,11432,11432,11432,11432,11432,11432,11432,11432,11432,11432,11432,11432,11432,11432,11432,11432,11432,11432,11432,11432,11432,11432,11432,11432,11432,11432,11432,11432,11432,11432,11432,11432,11432,11432,11432,11432,11432,11432,11432,11432,11432,11432,11432,11432,11432,11432,11432,11432,11432,11432,11432,11432,11432,11432,11432,11432,11432,11432,11432,11432,11432,11432,11432,11432,11432,11432,11432
11438,11437,11437,11436,11436,11436,11435,11435,11435,11435,11435,11435,11435,11435,11435,11435,11435,11435,11435,11435,11435,11435,11435,11435,11435,11435,11435,11435,11435,11435,11435,11435,11435,11435,11435,11435,11435,11435,11435,11435,11435,11435,11435,11435,11435,11435,11435,11435,11435,11435,11435,11435,11435,11435,11435,11435,11435,11435,11435,11435,11435,11435,11435,11435,11435,11435,11435,11435,11435,11435,11435,11435,11435,11435,11435,11435,11435
11438,11437,11436,11435,11435,11435,11434,11434,11434,11434,11434,11434,11434,11434,11434,11434,11434,11434,11434,11434,11434,11434,11434,11434,11434,11434,11434,11434,11434,11434,11434,11434,11434,11434,11434,11434,11434,11434,11434,11434,11434,11434,11434,11434,11434,11434,11434,11434,11434,11434,11434,11434,11434,11434,11434,11434,11434,11434,11434,11434,11434,11434,11434,11434,11434,11434,11434,11434,11434,11434,11434,11434,11434,11434,11434,11434,11434
11438,11437,11433,11433,11433,11433,11433,11433,11433,11433,11433,11433,11433,11433,11433,11433,11433,11433,11433,11433,11433,11433,11433,11433,11433,11433,11433,11433,11433,11433,11433,11433,11433,11433,11433,11433,11433,11433,11433,11433,11433,11433,11433,11433,11433,11433,11433,11433,11433,11433,11433,11433,11433,11433,11433,11433,11433,11433,11433,11433,11433,11433,11433,11433,11433,11433,11433,11433,11433,11433,11433,11433,11433,11433,11433,11433,11433
11438,11436,11436,11436,11436,11436,11436,11436,11436,11436,11436,11436,11436,11436,11436,11436,11436,11436,11436,11436,11436,11436,11436,11436,11436,11436,11436,11436,11436,11436,11436,11436,11436,11436,11436,11436,11436,11436,11436,11436,11436,11436,11436,11436,11436,11436,11436,11436,11436,11436,11436,11436,11436,11436,11436,11436,11436,11436,11436,11436,11436,11436,11436,11436,11436,11436,11436,11436,11436,11436,11436,11436,11436,11436,11436,11436,11436
11438,11436,11433,11431,11429,11428,11427,11427,11427,11427,11427,11427,11427,11427,11427,11427,11427,11427,11427,11427,11427,11427,11427,11427,11427,11427,11427,11427,11427,11427,11427,11427,11427,11427,11427,11427,11427,11427,11427,11427,11427,11427,11427,11427,11427,11427,11427,11427,11427,11427,11427,11427,11427,11427,11427,11427,11427,11427,11427,11427,11427,11427,11427,11427,11427,11427,11427,11427,11427,11427,11427,11427,11427,11427,11427,11427,11427
11438,11438,11438,11436,11436,11436,11436,11436,11436,11436,11436,11436,11436,11436,11436,11436,11436,11436,11436,11436,11436,11436,11436,11436,11436,11436,11436,11436,11436,11436,11436,11436,11436,11436,11436,11436,11436,11436,11436,11436,11436,11436,11436,11436,11436,11436,11436,11436,11436,11436,11436,11436,11436,11436,11436,11436,11436,11436,11436,11436,11436,11436,11436,11436,11436,11436,11436,11436,11436,11436,11436,11436,11436,11436,11436,11436,11436
